rule_id,country_id,hs_code,hs_code_description,import_duty_rate,vat_rate,other_taxes,threshold_amount,data_source,effective_date,expiry_date
1,9,2878,机械设备（HS代码：2878）,8.3,5.0,{},104000,税务局,2025-03-21,2025-12-31
2,7,9001,光学纤维、光学纤维束及光缆,31.9,10.0,{},44.24,柬埔寨海关总署,2024-10-02,2026-01-10
3,5,1081,电子设备（HS代码：1081）,1.9,8.9,{},440,国内税务局,2024-04-06,2026-01-10
4,3,2749,化学产品（HS代码：2749）,1.7,8.4,{},836000,税务总局 (ASEAN FTA),2025-08-22,2026-01-10
5,1,4219,设备及零件（HS代码：4219）,26.3,7.3,{},0,印尼海关总署,2025-05-11,2026-01-10
6,5,7323,餐桌、厨房或其他家用钢铁器具,3.6,7.9,{},431,新加坡关税局,2025-04-03,2026-01-10
7,6,1299,纺织品（HS代码：1299）,32.1,12.0,{},8007,菲律宾海关局,2025-11-08,2026-01-10
8,3,4865,消费品（HS代码：4865）,12.3,9.4,{},932000,越南海关总署,2024-04-20,2025-04-20
9,7,3926,其他塑料制品及塑料材料制品,2.4,10.0,{},54.86,柬埔寨海关总署,2024-09-11,2026-01-10
10,7,8703,主要用于载人的机动车辆,11.6,10.0,{},41.57,柬埔寨海关总署,2024-03-06,2024-12-31
11,10,9150,设备及零件（HS代码：9150）,5.5,0.0,{},392,税务局,2025-04-14,2026-01-10
12,10,0221,原材料（HS代码：0221）,25.8,0.0,{},406,税务局,2025-12-03,2026-01-10
13,8,3454,制成品（HS代码：3454）,5.0,7.0,{},1019000,老挝海关总署,2025-12-23,2026-01-10
14,5,2749,化学产品（HS代码：2749）,1.7,8.9,{},395,新加坡关税局,2025-10-15,2026-01-10
15,7,4694,消费品（HS代码：4694）,13.3,10.0,{},55.21,税务总局,2024-12-04,2026-01-10
16,9,7759,工业用品（HS代码：7759）,11.9,5.0,{},97000,缅甸海关总署,2024-03-20,2025-12-31
17,7,0955,电子设备（HS代码：0955）,7.1,10.0,{},42.85,柬埔寨海关总署,2024-04-05,2025-04-05
18,6,6206,工业用品（HS代码：6206）,14.2,12.0,{},11200,菲律宾海关局 (ASEAN FTA),2024-11-15,2025-11-15
19,4,7323,餐桌、厨房或其他家用钢铁器具,21.8,9.7,{},523,马来西亚皇家关税局,2024-06-02,2024-11-29
20,10,6109,棉制T恤衫、背心及其他内衣,22.0,0.0,{},436,文莱皇家关税局,2025-09-13,2026-01-10
21,10,7339,半成品（HS代码：7339）,5.1,0.0,{},366,税务局,2025-05-09,2026-01-10
22,9,6051,制成品（HS代码：6051）,1.9,5.0,{},112000,税务局,2024-11-25,2025-12-31
23,7,4542,半成品（HS代码：4542）,0.4,10.0,{},49.39,税务总局,2024-02-15,2026-01-10
24,6,9001,光学纤维、光学纤维束及光缆,30.2,12.0,{},9004,国税局,2025-09-01,2026-01-10
25,5,9392,半成品（HS代码：9392）,18.2,7.6,{},441,新加坡关税局,2024-07-08,2025-07-08
26,5,4030,电子设备（HS代码：4030）,1.3,7.6,{},406,国内税务局,2024-09-08,2025-09-08
27,9,6109,棉制T恤衫、背心及其他内衣,34.9,5.0,{},102000,税务局,2025-05-24,2025-11-20
28,5,3304,美容品或化妆品及护肤品,11.1,7.9,{},341,新加坡关税局,2024-10-13,2025-10-13
29,6,5109,工业用品（HS代码：5109）,27.4,12.0,{},8581,国税局,2024-06-17,2026-01-10
30,8,4030,电子设备（HS代码：4030）,25.8,9.8,{},801000,老挝海关总署,2025-04-20,2026-01-10
31,1,7662,纺织品（HS代码：7662）,11.3,7.6,{},0,贸易部,2025-02-02,2026-01-10
32,3,1299,纺织品（HS代码：1299）,1.0,9.8,{},926000,税务总局 (ASEAN FTA),2024-07-18,2025-12-31
33,8,4011,新的充气橡胶轮胎,0.6,9.1,{},1035000,税务局,2024-03-11,2024-12-31
34,10,1098,设备及零件（HS代码：1098）,4.7,0.0,{},426,税务局,2025-06-05,2026-01-10
35,4,6109,棉制T恤衫、背心及其他内衣,21.1,8.8,{},443,马来西亚皇家关税局,2024-06-22,2025-06-22
36,2,6204,女式西服套装、上衣、连衣裙等,44.4,7.6,{},1575,商业部,2024-11-12,2026-01-10
37,3,6689,原材料（HS代码：6689）,10.4,8.2,{},907000,越南海关总署,2025-08-19,2026-01-10
38,3,7662,纺织品（HS代码：7662）,16.4,9.6,{},1139000,越南海关总署,2024-06-16,2024-12-13
39,4,3454,制成品（HS代码：3454）,23.3,6.9,{},599,内陆税收局,2024-12-19,2025-12-19
40,1,9503,三轮车、踏板车及类似的带轮玩具,38.3,6.7,{},0,印尼海关总署,2024-04-24,2024-10-21
41,4,6206,工业用品（HS代码：6206）,19.6,6.2,{},401,内陆税收局,2024-12-03,2026-01-10
42,3,2904,纺织品（HS代码：2904）,24.3,9.4,"{""special_consumption_tax"": 12.5}",867000,税务总局,2024-11-13,2025-11-13
43,4,8531,纺织品（HS代码：8531）,24.0,6.5,{},458,内陆税收局,2024-02-20,2025-02-19
44,4,4694,消费品（HS代码：4694）,27.0,7.9,{},449,内陆税收局,2025-03-11,2025-09-07
45,7,4410,半成品（HS代码：4410）,24.7,10.0,{},51.9,柬埔寨海关总署,2025-05-26,2026-01-10
46,9,7323,餐桌、厨房或其他家用钢铁器具,1.7,5.0,{},115000,税务局,2025-07-26,2026-01-10
47,7,1019,消费品（HS代码：1019）,4.0,10.0,{},50.2,税务总局,2025-12-07,2026-01-10
48,5,8703,主要用于载人的机动车辆,18.1,8.3,{},426,新加坡关税局,2025-03-21,2026-01-10
49,9,7811,半成品（HS代码：7811）,21.5,5.0,{},88000,缅甸海关总署,2025-03-22,2025-09-18
50,1,6109,棉制T恤衫、背心及其他内衣,7.7,7.6,{},0,印尼海关总署 (ASEAN FTA),2025-07-16,2026-01-10
51,7,6498,设备及零件（HS代码：6498）,12.8,10.0,{},42.84,税务总局,2025-01-13,2025-12-31
52,9,4838,纺织品（HS代码：4838）,27.3,5.0,{},92000,税务局,2024-01-24,2025-01-23
53,9,7759,工业用品（HS代码：7759）,10.7,5.0,{},115000,税务局,2024-11-25,2026-01-10
54,4,6403,橡、塑、皮革或再生革制外底，皮革制鞋面的鞋靴,29.5,8.6,{},431,内陆税收局,2025-05-18,2026-01-10
55,9,3714,电子设备（HS代码：3714）,21.3,5.0,{},119000,缅甸海关总署,2025-01-01,2025-06-30
56,4,7379,纺织品（HS代码：7379）,8.6,8.1,{},460,马来西亚皇家关税局,2025-04-26,2026-01-10
57,6,7379,纺织品（HS代码：7379）,43.6,12.0,{},9871,菲律宾海关局,2025-06-03,2025-11-30
58,5,2040,消费品（HS代码：2040）,0.0,7.5,{},407,国内税务局 (ASEAN FTA),2025-02-09,2026-01-10
59,4,4865,消费品（HS代码：4865）,17.9,6.7,{},541,马来西亚皇家关税局,2025-10-20,2026-01-10
60,10,6609,消费品（HS代码：6609）,15.3,0.0,{},410,文莱皇家关税局,2025-02-25,2025-12-31
61,7,8302,电子设备（HS代码：8302）,32.2,10.0,{},49.09,柬埔寨海关总署,2024-03-09,2024-09-05
62,7,3918,设备及零件（HS代码：3918）,5.5,10.0,{},59.58,柬埔寨海关总署,2024-01-13,2026-01-10
63,1,8703,主要用于载人的机动车辆,24.9,8.8,"{""luxury_tax"": 17.8}",0,印尼海关总署,2024-02-22,2024-08-20
64,8,8517,电话机，包括蜂窝网络电话,34.2,8.4,{},1155000,税务局,2024-09-17,2025-03-16
65,8,4653,工业用品（HS代码：4653）,9.5,7.5,{},939000,税务局,2024-02-16,2026-01-10
66,1,7353,半成品（HS代码：7353）,15.8,10.7,{},0,印尼税务总局,2025-03-13,2026-01-10
67,6,4653,工业用品（HS代码：4653）,47.4,12.0,{},10253,菲律宾海关局,2025-10-18,2026-01-10
68,4,6290,原材料（HS代码：6290）,2.2,7.2,{},550,内陆税收局,2025-02-15,2026-01-10
69,7,8517,电话机，包括蜂窝网络电话,8.4,10.0,{},55.25,柬埔寨海关总署,2025-07-17,2026-01-10
70,8,8026,原材料（HS代码：8026）,2.7,8.3,{},942000,老挝海关总署,2025-04-24,2026-01-10
71,5,1762,设备及零件（HS代码：1762）,7.6,7.3,{},360,新加坡关税局,2024-02-16,2024-12-31
72,10,4906,纺织品（HS代码：4906）,22.5,0.0,{},357,文莱皇家关税局,2024-07-08,2025-12-31
73,10,4410,半成品（HS代码：4410）,5.1,0.0,{},381,税务局,2025-02-05,2026-01-10
74,2,4410,半成品（HS代码：4410）,47.9,8.1,{},1362,泰国海关厅,2024-04-14,2024-10-11
75,10,1078,电子设备（HS代码：1078）,0.8,0.0,{},397,税务局,2024-03-02,2024-08-29
76,8,6109,棉制T恤衫、背心及其他内衣,4.0,9.0,{},1061000,老挝海关总署,2024-11-18,2025-12-31
77,1,3004,由混合或非混合产品构成的治病或防病用药品,1.3,6.0,{},0,印尼税务总局,2025-12-05,2026-01-10
78,5,0221,原材料（HS代码：0221）,17.0,7.2,{},418,新加坡关税局,2025-08-04,2026-01-10
79,1,0240,半成品（HS代码：0240）,0.4,5.4,{},0,印尼海关总署 (ASEAN FTA),2025-09-27,2026-01-10
80,10,2904,纺织品（HS代码：2904）,4.9,0.0,{},448,文莱皇家关税局,2025-07-04,2026-01-10
81,6,0574,制成品（HS代码：0574）,7.4,12.0,{},9804,菲律宾海关局,2024-03-19,2024-09-15
82,7,4906,纺织品（HS代码：4906）,24.5,10.0,{},53.16,税务总局,2025-10-06,2026-01-10
83,8,8703,主要用于载人的机动车辆,37.5,7.5,"{""excise_tax"": 45.1}",1015000,老挝海关总署,2025-01-20,2026-01-10
84,5,7759,工业用品（HS代码：7759）,6.3,8.7,{},381,新加坡关税局,2024-08-04,2026-01-10
85,3,4838,纺织品（HS代码：4838）,4.9,9.2,{},1125000,税务总局 (ASEAN FTA),2024-03-10,2024-09-06
86,10,6502,化学产品（HS代码：6502）,16.4,0.0,{},341,文莱皇家关税局,2024-08-23,2026-01-10
87,5,4653,工业用品（HS代码：4653）,19.2,7.4,{},364,国内税务局,2024-12-15,2025-12-15
88,2,8659,消费品（HS代码：8659）,58.3,9.7,{},1233,商业部,2024-04-18,2025-04-18
89,10,8026,原材料（HS代码：8026）,27.6,0.0,{},442,文莱皇家关税局,2025-06-11,2026-01-10
90,9,9005,设备及零件（HS代码：9005）,35.9,5.0,{},106000,缅甸海关总署,2024-07-06,2025-12-31
91,10,4030,电子设备（HS代码：4030）,18.4,0.0,{},400,税务局,2025-06-20,2026-01-10
92,8,8117,半成品（HS代码：8117）,11.4,7.6,{},937000,税务局,2024-02-24,2025-02-23
93,1,7985,半成品（HS代码：7985）,35.7,7.5,{},0,印尼税务总局,2024-02-04,2024-08-02
94,8,8659,消费品（HS代码：8659）,17.8,9.0,{},1019000,老挝海关总署,2025-04-08,2025-10-05
95,8,3454,制成品（HS代码：3454）,11.9,9.5,{},995000,老挝海关总署,2024-08-10,2025-02-06
96,8,2955,消费品（HS代码：2955）,30.1,9.4,{},1109000,税务局,2025-04-20,2026-01-10
97,10,9820,设备及零件（HS代码：9820）,23.4,0.0,{},415,文莱皇家关税局,2025-02-18,2026-01-10
98,4,9005,设备及零件（HS代码：9005）,5.4,7.1,{},456,内陆税收局,2025-09-12,2026-01-10
99,2,3168,机械设备（HS代码：3168）,1.3,10.0,{},1408,泰国海关厅 (ASEAN FTA),2024-05-16,2024-11-12
100,5,2904,纺织品（HS代码：2904）,19.0,7.7,{},442,新加坡关税局,2024-06-18,2025-12-31
101,6,4694,消费品（HS代码：4694）,32.2,12.0,{},11049,国税局,2024-05-27,2025-05-27
102,2,1319,机械设备（HS代码：1319）,9.2,8.4,{},1313,泰国海关厅 (ASEAN FTA),2024-01-09,2026-01-08
103,8,4341,机械设备（HS代码：4341）,3.7,7.6,{},1148000,老挝海关总署,2025-05-08,2026-01-10
104,5,0690,制成品（HS代码：0690）,0.9,8.6,{},464,新加坡关税局,2024-06-14,2026-01-10
105,1,8487,消费品（HS代码：8487）,29.9,5.4,{},0,印尼海关总署,2025-07-12,2026-01-10
106,5,4694,消费品（HS代码：4694）,18.5,8.0,{},411,新加坡关税局,2025-03-14,2025-09-10
107,2,7389,机械设备（HS代码：7389）,0.9,8.8,{},1210,商业部 (ASEAN FTA),2024-08-19,2026-01-10
108,4,7951,设备及零件（HS代码：7951）,8.5,6.3,{},480,马来西亚皇家关税局,2025-06-14,2025-12-11
109,1,7985,半成品（HS代码：7985）,17.2,8.2,{},0,贸易部 (ASEAN FTA),2024-09-16,2025-09-16
110,5,4838,纺织品（HS代码：4838）,3.1,8.3,{},404,国内税务局,2024-07-13,2025-01-09
111,2,5395,消费品（HS代码：5395）,59.3,8.3,{},1469,商业部,2024-08-27,2025-12-31
112,7,8528,监视器及投影机,11.3,10.0,{},52.56,税务总局,2025-11-22,2026-01-10
113,4,3454,制成品（HS代码：3454）,2.3,9.0,{},541,内陆税收局 (ASEAN FTA),2024-05-04,2025-05-04
114,1,6290,原材料（HS代码：6290）,2.1,7.3,{},0,印尼海关总署,2024-11-19,2025-12-31
115,3,8531,纺织品（HS代码：8531）,7.3,8.2,{},1072000,工贸部,2024-03-22,2024-12-31
116,5,1935,制成品（HS代码：1935）,17.7,7.4,{},479,国内税务局,2024-02-15,2026-01-10
117,6,8703,主要用于载人的机动车辆,24.6,12.0,{},10800,菲律宾海关局,2024-04-07,2025-04-07
118,6,7759,工业用品（HS代码：7759）,14.3,12.0,{},9790,菲律宾海关局,2025-02-09,2026-01-10
119,9,2758,纺织品（HS代码：2758）,39.5,5.0,{},89000,缅甸海关总署,2024-07-22,2026-01-10
120,8,9392,半成品（HS代码：9392）,0.5,8.7,{},1183000,税务局,2024-07-12,2025-07-12
121,1,3918,设备及零件（HS代码：3918）,4.4,5.6,{},0,印尼海关总署 (ASEAN FTA),2025-04-03,2026-01-10
122,5,2040,消费品（HS代码：2040）,9.9,8.8,{},381,新加坡关税局,2024-06-09,2025-06-09
123,4,9001,光学纤维、光学纤维束及光缆,29.3,6.3,{},484,马来西亚皇家关税局,2024-11-04,2025-11-04
124,3,9401,坐具（包括能作床用的两用椅）,17.2,9.6,{},878000,工贸部,2024-11-11,2026-01-10
125,6,0205,消费品（HS代码：0205）,9.7,12.0,{},11090,菲律宾海关局,2024-02-20,2026-01-10
126,4,4653,工业用品（HS代码：4653）,16.8,8.4,{},418,马来西亚皇家关税局,2024-09-16,2025-09-16
127,4,2955,消费品（HS代码：2955）,16.8,6.3,{},419,马来西亚皇家关税局,2025-04-09,2026-01-10
128,7,4494,工业用品（HS代码：4494）,11.4,10.0,{},59.61,税务总局,2024-12-28,2025-12-28
129,5,7379,纺织品（HS代码：7379）,6.6,7.6,{},473,国内税务局,2024-10-17,2026-01-10
130,3,6290,原材料（HS代码：6290）,34.7,9.6,"{""special_consumption_tax"": 14.2}",1152000,税务总局,2025-11-16,2026-01-10
131,5,7811,半成品（HS代码：7811）,14.3,8.2,{},331,国内税务局,2025-02-08,2026-01-10
132,7,2904,纺织品（HS代码：2904）,10.0,10.0,{},47.16,柬埔寨海关总署,2025-07-18,2026-01-10
133,5,7316,设备及零件（HS代码：7316）,17.8,8.4,{},358,新加坡关税局,2025-09-08,2026-01-10
134,1,8528,监视器及投影机,15.1,8.8,"{""luxury_tax"": 21.5}",0,贸易部,2025-02-06,2026-01-10
135,7,2152,电子设备（HS代码：2152）,25.7,10.0,{},57.96,税务总局,2025-11-24,2026-01-10
136,8,3709,化学产品（HS代码：3709）,10.0,7.2,{},913000,老挝海关总署,2024-05-14,2026-01-10
137,6,9005,设备及零件（HS代码：9005）,24.2,12.0,{},10275,国税局,2025-06-22,2026-01-10
138,3,5673,设备及零件（HS代码：5673）,16.2,9.4,{},1157000,税务总局,2024-07-24,2025-12-31
139,9,8703,主要用于载人的机动车辆,30.1,5.0,{},90000,缅甸海关总署,2024-01-12,2026-01-10
140,5,3010,化学产品（HS代码：3010）,4.1,7.3,{},466,新加坡关税局,2025-10-02,2026-01-10
141,8,5673,设备及零件（HS代码：5673）,24.1,8.5,{},1187000,老挝海关总署,2025-06-07,2026-01-10
142,3,0126,半成品（HS代码：0126）,41.6,9.4,{},993000,税务总局,2025-06-19,2026-01-10
143,7,9820,设备及零件（HS代码：9820）,33.1,10.0,{},51.11,柬埔寨海关总署,2024-07-28,2025-12-31
144,10,8659,消费品（HS代码：8659）,17.2,0.0,{},474,税务局,2024-07-17,2025-07-17
145,4,2758,纺织品（HS代码：2758）,7.9,8.6,{},538,内陆税收局,2025-01-19,2026-01-10
146,5,6271,设备及零件（HS代码：6271）,10.5,7.6,{},477,新加坡关税局,2024-11-08,2025-12-31
147,7,4202,皮革或再生皮革制衣箱、手提包等,19.4,10.0,{},57.33,税务总局,2025-08-17,2026-01-10
148,10,3168,机械设备（HS代码：3168）,6.3,0.0,{},337,文莱皇家关税局,2025-11-14,2026-01-10
149,2,4542,半成品（HS代码：4542）,58.5,7.5,{},1737,商业部,2024-09-27,2025-03-26
150,8,5529,机械设备（HS代码：5529）,8.8,7.7,{},1179000,税务局,2024-12-17,2025-12-17
151,10,4011,新的充气橡胶轮胎,5.3,0.0,{},410,文莱皇家关税局,2025-03-07,2026-01-10
152,7,3010,化学产品（HS代码：3010）,26.3,10.0,{},44.86,柬埔寨海关总署,2024-02-26,2024-08-24
153,8,9298,制成品（HS代码：9298）,12.3,9.2,{},1005000,老挝海关总署,2025-02-21,2025-08-20
154,1,1019,消费品（HS代码：1019）,32.5,8.1,{},0,贸易部,2024-01-22,2026-01-10
155,8,3304,美容品或化妆品及护肤品,23.0,7.8,{},946000,税务局,2024-03-04,2024-08-31
156,5,8302,电子设备（HS代码：8302）,13.7,7.5,{},436,国内税务局,2025-03-17,2025-09-13
157,10,0227,消费品（HS代码：0227）,26.9,0.0,{},401,税务局,2025-12-10,2026-01-10
158,2,6502,化学产品（HS代码：6502）,42.9,8.1,{},1374,商业部,2025-09-09,2026-01-10
159,3,4202,皮革或再生皮革制衣箱、手提包等,27.4,8.6,"{""special_consumption_tax"": 14.9}",802000,越南海关总署,2024-12-14,2025-06-12
160,8,8487,消费品（HS代码：8487）,13.0,7.4,{},971000,老挝海关总署,2025-05-14,2026-01-10
161,9,8117,半成品（HS代码：8117）,17.1,5.0,{},102000,税务局,2025-07-16,2026-01-10
162,9,4542,半成品（HS代码：4542）,35.2,5.0,{},105000,缅甸海关总署,2024-01-06,2024-07-04
163,6,4653,工业用品（HS代码：4653）,27.3,12.0,{},11781,国税局,2024-01-01,2024-12-31
164,10,7856,化学产品（HS代码：7856）,19.8,0.0,{},470,文莱皇家关税局,2025-08-04,2026-01-10
165,3,5673,设备及零件（HS代码：5673）,11.3,9.7,{},829000,工贸部 (ASEAN FTA),2024-06-28,2024-12-25
166,5,4011,新的充气橡胶轮胎,0.8,7.3,{},470,国内税务局,2025-05-27,2025-11-23
167,5,0221,原材料（HS代码：0221）,13.8,8.8,{},395,国内税务局,2025-11-07,2026-01-10
168,1,6204,女式西服套装、上衣、连衣裙等,36.5,10.4,{},0,印尼税务总局,2024-09-06,2025-09-06
169,6,4202,皮革或再生皮革制衣箱、手提包等,0.7,12.0,{},9922,菲律宾海关局 (ASEAN FTA),2025-10-19,2026-01-10
170,7,2858,半成品（HS代码：2858）,25.8,10.0,{},50.45,柬埔寨海关总署,2024-05-24,2024-12-31
171,1,9820,设备及零件（HS代码：9820）,30.2,7.1,{},0,贸易部,2025-11-27,2026-01-10
172,1,6186,原材料（HS代码：6186）,19.4,7.9,{},0,印尼海关总署,2025-04-03,2026-01-10
173,5,0955,电子设备（HS代码：0955）,4.6,7.1,{},354,新加坡关税局 (ASEAN FTA),2024-12-25,2026-01-10
174,2,7985,半成品（HS代码：7985）,4.7,7.7,{},1340,泰国海关厅,2024-01-15,2026-01-10
175,2,7759,工业用品（HS代码：7759）,77.4,7.0,{},1464,泰国海关厅,2024-03-14,2024-09-10
176,7,6051,制成品（HS代码：6051）,0.2,10.0,{},51.98,税务总局,2024-06-23,2025-06-23
177,8,8659,消费品（HS代码：8659）,19.0,9.2,{},1063000,税务局,2024-06-01,2025-06-01
178,2,9298,制成品（HS代码：9298）,58.2,7.1,{},1632,泰国税务局,2025-03-28,2026-01-10
179,10,3984,消费品（HS代码：3984）,5.8,0.0,{},414,文莱皇家关税局,2024-05-14,2024-12-31
180,2,7316,设备及零件（HS代码：7316）,60.7,8.4,{},1387,泰国海关厅,2024-08-17,2025-12-31
181,5,8703,主要用于载人的机动车辆,0.3,8.1,{},442,新加坡关税局 (ASEAN FTA),2024-11-02,2025-12-31
182,4,8703,主要用于载人的机动车辆,21.9,7.4,{},433,马来西亚皇家关税局,2024-12-09,2025-06-07
183,7,9503,三轮车、踏板车及类似的带轮玩具,18.8,10.0,{},40.92,税务总局,2024-06-10,2025-06-10
184,2,9603,帚、刷、拖把,71.6,9.4,{},1761,泰国税务局,2025-03-17,2025-09-13
185,1,3304,美容品或化妆品及护肤品,14.8,8.7,"{""luxury_tax"": 10.9}",0,贸易部,2025-05-18,2025-11-14
186,5,8487,消费品（HS代码：8487）,17.4,7.0,{},397,新加坡关税局,2025-12-23,2026-01-10
187,6,7856,化学产品（HS代码：7856）,47.8,12.0,{},10772,菲律宾海关局,2024-02-12,2025-02-11
188,3,6689,原材料（HS代码：6689）,31.3,9.2,{},1160000,税务总局,2025-12-23,2026-01-10
189,3,7759,工业用品（HS代码：7759）,39.6,8.4,{},1040000,工贸部,2024-01-23,2024-07-21
190,6,3454,制成品（HS代码：3454）,31.0,12.0,{},9306,菲律宾海关局,2024-06-10,2024-12-31
191,8,1762,设备及零件（HS代码：1762）,37.6,10.0,{},1107000,老挝海关总署,2025-04-15,2026-01-10
192,6,0126,半成品（HS代码：0126）,49.0,12.0,{},9937,国税局,2024-11-10,2026-01-10
193,4,1175,设备及零件（HS代码：1175）,24.0,6.5,{},474,内陆税收局,2025-01-18,2026-01-10
194,10,6127,消费品（HS代码：6127）,4.1,0.0,{},457,文莱皇家关税局,2025-11-02,2026-01-10
195,8,8517,电话机，包括蜂窝网络电话,10.9,8.1,{},899000,税务局,2024-01-04,2024-12-31
196,2,4202,皮革或再生皮革制衣箱、手提包等,63.5,8.6,{},1498,商业部,2025-09-07,2026-01-10
197,10,1762,设备及零件（HS代码：1762）,19.0,0.0,{},401,文莱皇家关税局,2025-03-02,2026-01-10
198,1,2749,化学产品（HS代码：2749）,4.3,7.3,{},0,贸易部,2024-03-16,2025-03-16
199,5,3984,消费品（HS代码：3984）,9.8,7.3,{},370,新加坡关税局,2024-03-02,2024-08-29
200,8,4542,半成品（HS代码：4542）,1.6,8.5,{},1054000,税务局,2024-12-01,2025-05-30
201,5,7316,设备及零件（HS代码：7316）,4.1,8.5,{},340,国内税务局,2024-02-12,2025-02-11
202,5,7856,化学产品（HS代码：7856）,0.5,7.5,{},456,国内税务局,2024-02-24,2025-12-31
203,2,4030,电子设备（HS代码：4030）,16.6,9.6,{},1206,商业部 (ASEAN FTA),2025-04-18,2025-10-15
204,6,7339,半成品（HS代码：7339）,27.6,12.0,{},9251,菲律宾海关局,2025-06-03,2026-01-10
205,4,4838,纺织品（HS代码：4838）,4.8,7.2,{},428,马来西亚皇家关税局 (ASEAN FTA),2025-02-21,2025-12-31
206,2,7214,制成品（HS代码：7214）,14.5,8.9,{},1524,泰国税务局,2025-04-24,2025-10-21
207,5,8541,二极管、晶体管及类似半导体器件,10.4,7.4,{},363,新加坡关税局,2025-07-09,2026-01-10
208,1,7316,设备及零件（HS代码：7316）,11.1,7.7,{},0,印尼税务总局,2025-08-16,2026-01-10
209,6,0126,半成品（HS代码：0126）,39.1,12.0,{},11074,国税局,2025-07-04,2026-01-10
210,2,1019,消费品（HS代码：1019）,20.7,8.0,{},1659,泰国税务局,2024-11-12,2026-01-10
211,10,7389,机械设备（HS代码：7389）,7.1,0.0,{},385,税务局,2025-05-17,2025-11-13
212,6,8487,消费品（HS代码：8487）,0.1,12.0,{},10479,菲律宾海关局 (ASEAN FTA),2024-11-17,2025-11-17
213,10,9001,光学纤维、光学纤维束及光缆,13.5,0.0,{},435,文莱皇家关税局,2025-03-09,2025-09-05
214,9,6204,女式西服套装、上衣、连衣裙等,38.9,5.0,{},85000,缅甸海关总署,2025-07-15,2026-01-10
215,5,6609,消费品（HS代码：6609）,7.0,8.7,{},360,新加坡关税局,2024-04-15,2024-10-12
216,2,0227,消费品（HS代码：0227）,37.8,9.4,{},1646,泰国海关厅,2025-11-23,2026-01-10
217,7,7676,消费品（HS代码：7676）,34.7,10.0,{},56.51,税务总局,2024-01-07,2025-01-06
218,6,0351,化学产品（HS代码：0351）,6.8,12.0,{},8145,菲律宾海关局,2024-07-15,2025-01-11
219,3,7856,化学产品（HS代码：7856）,38.3,9.1,{},826000,税务总局,2024-06-26,2026-01-10
220,2,8302,电子设备（HS代码：8302）,13.3,8.2,{},1652,泰国税务局,2024-06-14,2025-06-14
221,3,4410,半成品（HS代码：4410）,6.0,9.0,{},851000,工贸部,2024-11-07,2026-01-10
222,9,9298,制成品（HS代码：9298）,37.0,5.0,{},91000,税务局,2024-05-20,2025-05-20
223,5,0205,消费品（HS代码：0205）,11.5,8.7,{},400,国内税务局,2024-10-16,2026-01-10
224,7,0240,半成品（HS代码：0240）,34.2,10.0,{},43.94,柬埔寨海关总署,2025-12-23,2026-01-10
225,5,8329,制成品（HS代码：8329）,8.1,8.5,{},450,国内税务局,2025-06-06,2026-01-10
226,8,8471,自动数据处理设备及其部件,22.2,7.3,{},837000,税务局,2025-04-21,2025-10-18
227,9,3004,由混合或非混合产品构成的治病或防病用药品,7.1,5.0,{},96000,税务局,2025-04-16,2026-01-10
228,3,1762,设备及零件（HS代码：1762）,1.2,8.2,{},828000,工贸部,2025-09-16,2026-01-10
229,8,3010,化学产品（HS代码：3010）,27.3,9.9,{},1030000,税务局,2025-11-07,2026-01-10
230,9,3984,消费品（HS代码：3984）,12.8,5.0,{},96000,税务局,2025-08-21,2026-01-10
231,7,9516,机械设备（HS代码：9516）,15.5,10.0,{},48.49,税务总局,2025-04-23,2025-10-20
232,6,3454,制成品（HS代码：3454）,17.9,12.0,{},8027,国税局 (ASEAN FTA),2025-04-11,2025-10-08
233,2,4865,消费品（HS代码：4865）,74.5,7.4,{},1717,泰国税务局,2024-08-16,2025-08-16
234,7,5533,纺织品（HS代码：5533）,32.6,10.0,{},45.73,柬埔寨海关总署,2024-11-17,2025-12-31
235,9,9820,设备及零件（HS代码：9820）,20.1,5.0,{},101000,缅甸海关总署,2025-08-07,2026-01-10
236,2,8664,设备及零件（HS代码：8664）,30.4,8.5,{},1736,泰国海关厅,2025-03-09,2026-01-10
237,4,5109,工业用品（HS代码：5109）,27.8,6.6,{},520,内陆税收局,2024-08-01,2026-01-10
238,6,6639,化学产品（HS代码：6639）,21.4,12.0,{},9727,菲律宾海关局,2024-05-14,2026-01-10
239,3,7856,化学产品（HS代码：7856）,16.2,9.3,{},924000,税务总局,2024-10-20,2025-10-20
240,7,9005,设备及零件（HS代码：9005）,6.0,10.0,{},47.0,柬埔寨海关总署,2024-06-04,2025-06-04
241,4,8664,设备及零件（HS代码：8664）,0.1,9.1,{},590,马来西亚皇家关税局 (ASEAN FTA),2025-10-02,2026-01-10
242,4,4410,半成品（HS代码：4410）,8.7,7.6,{},544,马来西亚皇家关税局 (ASEAN FTA),2024-02-06,2026-01-10
243,6,9298,制成品（HS代码：9298）,29.6,12.0,{},11471,菲律宾海关局,2025-05-01,2025-10-28
244,4,4341,机械设备（HS代码：4341）,5.3,7.4,{},465,内陆税收局,2024-03-06,2024-09-02
245,1,3168,机械设备（HS代码：3168）,8.5,5.2,{},0,贸易部,2024-11-10,2026-01-10
246,8,6127,消费品（HS代码：6127）,28.2,8.6,{},1133000,老挝海关总署,2024-03-25,2026-01-10
247,1,8528,监视器及投影机,23.7,8.8,"{""luxury_tax"": 28.7}",0,印尼海关总署,2024-01-12,2024-07-10
248,8,3926,其他塑料制品及塑料材料制品,1.4,7.2,{},915000,老挝海关总署,2025-07-19,2026-01-10
249,6,3119,机械设备（HS代码：3119）,3.4,12.0,{},9368,菲律宾海关局,2024-04-04,2024-12-31
250,4,2955,消费品（HS代码：2955）,5.5,7.8,{},566,内陆税收局,2024-07-10,2026-01-10
251,5,0240,半成品（HS代码：0240）,5.2,8.0,{},406,国内税务局,2025-05-20,2025-11-16
252,7,7323,餐桌、厨房或其他家用钢铁器具,7.2,10.0,{},54.93,柬埔寨海关总署,2025-02-01,2026-01-10
253,3,0955,电子设备（HS代码：0955）,14.5,8.5,{},942000,越南海关总署,2024-01-22,2024-07-20
254,8,9516,机械设备（HS代码：9516）,9.5,7.9,{},894000,税务局,2025-11-02,2026-01-10
255,9,7353,半成品（HS代码：7353）,8.4,5.0,{},90000,缅甸海关总署,2024-06-09,2026-01-10
256,6,1935,制成品（HS代码：1935）,32.4,12.0,{},8492,国税局,2024-12-10,2026-01-10
257,5,1299,纺织品（HS代码：1299）,7.7,8.3,{},465,新加坡关税局,2025-10-20,2026-01-10
258,1,3304,美容品或化妆品及护肤品,28.7,10.9,"{""luxury_tax"": 23.0}",0,贸易部,2025-07-24,2026-01-10
259,3,2005,设备及零件（HS代码：2005）,29.9,8.2,{},1018000,越南海关总署,2024-06-27,2024-12-24
260,9,5529,机械设备（HS代码：5529）,14.9,5.0,{},95000,税务局,2025-10-23,2026-01-10
261,4,8471,自动数据处理设备及其部件,4.5,8.7,{},598,内陆税收局 (ASEAN FTA),2025-04-20,2026-01-10
262,7,4202,皮革或再生皮革制衣箱、手提包等,29.0,10.0,{},45.23,柬埔寨海关总署,2024-02-01,2025-01-31
263,9,9503,三轮车、踏板车及类似的带轮玩具,22.3,5.0,{},90000,税务局,2025-05-07,2025-12-31
264,3,6051,制成品（HS代码：6051）,20.2,8.6,{},1053000,工贸部,2024-07-17,2025-07-17
265,9,4202,皮革或再生皮革制衣箱、手提包等,19.9,5.0,{},96000,税务局,2024-03-28,2024-09-24
266,3,4653,工业用品（HS代码：4653）,22.1,9.8,"{""special_consumption_tax"": 9.5}",1148000,越南海关总署,2024-09-24,2025-03-23
267,6,3304,美容品或化妆品及护肤品,24.8,12.0,{},8251,国税局,2025-02-23,2025-08-22
268,2,2758,纺织品（HS代码：2758）,4.1,9.9,{},1647,商业部 (ASEAN FTA),2024-07-03,2024-12-30
269,5,9150,设备及零件（HS代码：9150）,2.5,8.0,{},326,国内税务局 (ASEAN FTA),2025-09-11,2026-01-10
270,4,4468,纺织品（HS代码：4468）,27.2,6.7,{},588,马来西亚皇家关税局,2025-10-06,2026-01-10
271,8,9001,光学纤维、光学纤维束及光缆,3.8,7.1,{},891000,老挝海关总署,2025-10-23,2026-01-10
272,9,6498,设备及零件（HS代码：6498）,18.9,5.0,{},91000,税务局,2024-02-21,2024-08-19
273,8,9005,设备及零件（HS代码：9005）,18.9,7.8,{},1027000,税务局,2024-04-15,2025-12-31
274,10,9504,视频游戏控制器及设备,9.6,0.0,{},373,文莱皇家关税局,2024-05-20,2025-12-31
275,4,3010,化学产品（HS代码：3010）,1.4,7.4,{},491,内陆税收局,2025-11-02,2026-01-10
276,3,5673,设备及零件（HS代码：5673）,6.2,9.7,{},1166000,税务总局,2024-01-13,2025-01-12
277,8,3119,机械设备（HS代码：3119）,12.2,7.3,{},1124000,税务局,2025-01-19,2026-01-10
278,9,4906,纺织品（HS代码：4906）,28.8,5.0,{},87000,税务局,2024-03-04,2025-03-04
279,6,9503,三轮车、踏板车及类似的带轮玩具,2.0,12.0,{},10439,菲律宾海关局,2024-03-07,2026-01-10
280,4,1175,设备及零件（HS代码：1175）,13.8,9.0,{},405,马来西亚皇家关税局,2025-08-03,2026-01-10
281,2,7339,半成品（HS代码：7339）,28.4,7.4,{},1210,泰国海关厅,2024-11-25,2026-01-10
282,5,2152,电子设备（HS代码：2152）,4.9,8.0,{},424,国内税务局,2024-06-10,2025-06-10
283,5,6609,消费品（HS代码：6609）,13.9,7.3,{},381,国内税务局,2025-09-10,2026-01-10
284,10,6204,女式西服套装、上衣、连衣裙等,7.0,0.0,{},471,文莱皇家关税局,2025-03-14,2025-09-10
285,1,7339,半成品（HS代码：7339）,6.3,8.1,{},0,贸易部,2025-02-28,2026-01-10
286,9,6204,女式西服套装、上衣、连衣裙等,11.3,5.0,{},81000,税务局,2025-09-20,2026-01-10
287,1,6639,化学产品（HS代码：6639）,28.9,8.0,{},0,印尼税务总局,2024-02-17,2024-08-15
288,5,1098,设备及零件（HS代码：1098）,16.7,7.2,{},472,新加坡关税局,2024-10-20,2026-01-10
289,3,7676,消费品（HS代码：7676）,21.7,9.3,"{""special_consumption_tax"": 10.7}",1140000,工贸部,2025-11-25,2026-01-10
290,4,6815,原材料（HS代码：6815）,17.5,9.0,{},476,马来西亚皇家关税局,2025-01-27,2026-01-10
291,7,6109,棉制T恤衫、背心及其他内衣,2.0,10.0,{},52.39,柬埔寨海关总署,2025-02-12,2025-08-11
292,3,9468,设备及零件（HS代码：9468）,36.9,8.2,{},1119000,税务总局,2025-12-20,2026-01-10
293,5,3004,由混合或非混合产品构成的治病或防病用药品,4.8,7.4,{},437,新加坡关税局,2025-06-02,2026-01-10
294,2,3004,由混合或非混合产品构成的治病或防病用药品,1.2,8.1,{},1649,泰国税务局,2024-07-10,2025-01-06
295,3,8487,消费品（HS代码：8487）,0.7,8.4,{},875000,税务总局,2025-06-09,2026-01-10
296,3,7662,纺织品（HS代码：7662）,43.7,8.9,{},920000,工贸部,2025-09-08,2026-01-10
297,7,6609,消费品（HS代码：6609）,24.4,10.0,{},52.07,税务总局,2024-10-17,2025-12-31
298,1,5533,纺织品（HS代码：5533）,1.8,6.5,{},0,印尼海关总署,2024-03-17,2024-09-13
299,6,8026,原材料（HS代码：8026）,14.3,12.0,{},11814,国税局,2025-02-05,2025-08-04
300,7,8703,主要用于载人的机动车辆,32.6,10.0,{},44.8,柬埔寨海关总署,2025-02-07,2025-08-06
301,7,3304,美容品或化妆品及护肤品,34.9,10.0,{},54.77,税务总局,2024-01-08,2024-07-06
302,5,9150,设备及零件（HS代码：9150）,18.8,8.4,{},479,新加坡关税局,2024-04-19,2025-04-19
303,2,4219,设备及零件（HS代码：4219）,46.1,7.2,{},1589,泰国海关厅,2025-01-25,2026-01-10
304,3,3918,设备及零件（HS代码：3918）,22.5,8.5,{},1051000,越南海关总署,2025-01-03,2026-01-03
305,9,2858,半成品（HS代码：2858）,36.7,5.0,{},92000,缅甸海关总署,2024-04-12,2024-10-09
306,1,2955,消费品（HS代码：2955）,35.0,9.6,{},0,印尼税务总局,2024-08-03,2025-08-03
307,6,2758,纺织品（HS代码：2758）,0.2,12.0,{},9918,国税局 (ASEAN FTA),2024-04-27,2026-01-10
308,6,2878,机械设备（HS代码：2878）,4.2,12.0,{},10253,国税局 (ASEAN FTA),2025-10-13,2026-01-10
309,3,2858,半成品（HS代码：2858）,32.7,9.2,{},1056000,越南海关总署,2024-06-14,2024-12-11
310,4,6288,机械设备（HS代码：6288）,3.9,7.7,{},440,马来西亚皇家关税局,2025-05-20,2026-01-10
311,4,3004,由混合或非混合产品构成的治病或防病用药品,7.8,6.2,{},438,内陆税收局,2025-12-08,2026-01-10
312,5,6271,设备及零件（HS代码：6271）,2.8,8.3,{},359,国内税务局 (ASEAN FTA),2025-02-11,2026-01-10
313,3,1175,设备及零件（HS代码：1175）,0.9,8.8,"{""special_consumption_tax"": 13.1}",1121000,越南海关总署,2025-01-08,2026-01-10
314,7,9820,设备及零件（HS代码：9820）,30.5,10.0,{},56.52,税务总局,2025-03-27,2026-01-10
315,3,7676,消费品（HS代码：7676）,31.9,8.1,{},954000,税务总局,2024-04-23,2026-01-10
316,6,7339,半成品（HS代码：7339）,10.7,12.0,{},9255,菲律宾海关局,2025-04-12,2026-01-10
317,3,1319,机械设备（HS代码：1319）,15.4,8.6,{},834000,越南海关总署,2024-08-26,2025-02-22
318,2,0690,制成品（HS代码：0690）,54.6,9.4,{},1727,泰国海关厅,2025-09-07,2026-01-10
319,7,6206,工业用品（HS代码：6206）,30.9,10.0,{},41.19,税务总局,2024-01-04,2026-01-03
320,10,7759,工业用品（HS代码：7759）,22.7,0.0,{},332,税务局,2025-11-03,2026-01-10
321,3,4030,电子设备（HS代码：4030）,30.1,8.4,"{""special_consumption_tax"": 7.8}",1015000,工贸部,2025-01-18,2026-01-10
322,7,1081,电子设备（HS代码：1081）,9.2,10.0,{},42.05,税务总局,2025-11-17,2026-01-10
323,3,7389,机械设备（HS代码：7389）,12.2,9.7,{},868000,越南海关总署,2024-04-02,2024-12-31
324,3,6290,原材料（HS代码：6290）,14.9,8.9,"{""special_consumption_tax"": 10.3}",1150000,工贸部 (ASEAN FTA),2024-06-20,2025-12-31
325,3,6288,机械设备（HS代码：6288）,14.5,9.9,{},901000,工贸部,2025-10-03,2026-01-10
326,1,5688,化学产品（HS代码：5688）,21.0,9.4,{},0,印尼海关总署,2024-10-07,2026-01-10
327,9,3984,消费品（HS代码：3984）,14.6,5.0,{},117000,缅甸海关总署,2024-10-25,2025-10-25
328,4,0955,电子设备（HS代码：0955）,29.4,8.9,{},545,内陆税收局,2024-04-20,2026-01-10
329,1,3168,机械设备（HS代码：3168）,7.6,10.6,{},0,印尼海关总署,2024-02-06,2025-12-31
330,6,1319,机械设备（HS代码：1319）,14.4,12.0,{},9926,国税局,2025-06-28,2025-12-25
331,6,6815,原材料（HS代码：6815）,25.7,12.0,{},10559,菲律宾海关局,2024-10-03,2026-01-10
332,3,3010,化学产品（HS代码：3010）,3.2,9.9,{},1093000,税务总局,2025-05-15,2026-01-10
333,9,9298,制成品（HS代码：9298）,13.8,5.0,{},110000,税务局,2025-05-14,2025-12-31
334,2,7856,化学产品（HS代码：7856）,73.0,7.2,{},1294,泰国海关厅,2025-04-02,2025-09-29
335,8,8117,半成品（HS代码：8117）,24.8,7.4,{},1010000,老挝海关总署,2024-07-09,2025-12-31
336,2,7353,半成品（HS代码：7353）,20.0,7.9,{},1607,商业部,2025-07-24,2026-01-10
337,4,0221,原材料（HS代码：0221）,25.9,7.2,{},489,内陆税收局,2024-11-06,2025-11-06
338,5,9504,视频游戏控制器及设备,9.1,8.5,{},454,国内税务局,2025-01-13,2026-01-10
339,5,1762,设备及零件（HS代码：1762）,5.8,9.0,{},411,国内税务局,2024-05-26,2025-05-26
340,5,1175,设备及零件（HS代码：1175）,7.0,7.3,{},368,国内税务局,2024-04-02,2025-04-02
341,10,8541,二极管、晶体管及类似半导体器件,11.9,0.0,{},366,文莱皇家关税局,2025-06-11,2026-01-10
342,3,9150,设备及零件（HS代码：9150）,8.0,8.9,{},1070000,税务总局,2024-03-05,2025-03-05
343,6,0227,消费品（HS代码：0227）,36.0,12.0,{},8235,国税局,2025-12-15,2026-01-10
344,6,8487,消费品（HS代码：8487）,39.0,12.0,{},8316,国税局,2025-12-16,2026-01-10
345,6,6186,原材料（HS代码：6186）,2.4,12.0,{},10647,菲律宾海关局 (ASEAN FTA),2024-09-18,2025-09-18
346,3,6498,设备及零件（HS代码：6498）,38.5,9.6,"{""special_consumption_tax"": 12.6}",1122000,越南海关总署,2024-01-07,2024-07-05
347,7,5533,纺织品（HS代码：5533）,14.6,10.0,{},41.28,柬埔寨海关总署,2025-08-11,2026-01-10
348,3,0227,消费品（HS代码：0227）,44.1,9.2,"{""special_consumption_tax"": 7.8}",1083000,越南海关总署,2024-11-05,2026-01-10
349,4,3454,制成品（HS代码：3454）,28.2,9.9,{},550,马来西亚皇家关税局,2024-05-13,2024-11-09
350,6,3168,机械设备（HS代码：3168）,1.6,12.0,{},9907,国税局,2025-04-06,2026-01-10
351,9,8308,半成品（HS代码：8308）,20.0,5.0,{},80000,税务局,2024-12-20,2025-12-31
352,1,9603,帚、刷、拖把,1.5,8.1,{},0,印尼税务总局,2025-07-25,2026-01-10
353,3,4494,工业用品（HS代码：4494）,0.4,8.6,{},1111000,工贸部 (ASEAN FTA),2025-04-03,2026-01-10
354,4,4468,纺织品（HS代码：4468）,2.0,8.5,{},463,马来西亚皇家关税局,2024-01-02,2025-01-01
355,8,4838,纺织品（HS代码：4838）,38.8,9.5,{},851000,老挝海关总署,2024-09-08,2025-03-07
356,2,9150,设备及零件（HS代码：9150）,11.2,8.0,{},1449,泰国海关厅 (ASEAN FTA),2025-05-16,2025-11-12
357,2,6290,原材料（HS代码：6290）,15.2,8.3,{},1636,泰国海关厅,2024-05-25,2026-01-10
358,2,7323,餐桌、厨房或其他家用钢铁器具,44.9,8.0,{},1692,泰国海关厅,2024-12-09,2025-12-09
359,2,7316,设备及零件（HS代码：7316）,4.1,8.2,{},1658,泰国海关厅,2024-07-11,2025-12-31
360,4,9820,设备及零件（HS代码：9820）,16.3,6.2,{},584,马来西亚皇家关税局,2024-02-09,2026-01-10
361,10,9298,制成品（HS代码：9298）,8.5,0.0,{},460,税务局,2024-05-12,2024-11-08
362,5,8939,电子设备（HS代码：8939）,13.0,8.6,{},401,国内税务局,2024-06-23,2026-01-10
363,1,8471,自动数据处理设备及其部件,12.1,10.3,"{""luxury_tax"": 19.1}",0,贸易部 (ASEAN FTA),2024-04-27,2026-01-10
364,2,0955,电子设备（HS代码：0955）,34.3,8.4,{},1337,泰国海关厅,2024-12-12,2025-12-31
365,4,8531,纺织品（HS代码：8531）,11.2,6.2,{},448,马来西亚皇家关税局,2025-01-04,2026-01-10
366,4,5673,设备及零件（HS代码：5673）,26.2,6.1,{},553,马来西亚皇家关税局,2025-10-27,2026-01-10
367,3,2858,半成品（HS代码：2858）,1.3,8.2,{},1051000,越南海关总署,2025-10-25,2026-01-10
368,2,9468,设备及零件（HS代码：9468）,1.2,8.5,{},1459,泰国税务局 (ASEAN FTA),2024-09-05,2025-12-31
369,6,6288,机械设备（HS代码：6288）,9.5,12.0,{},11398,国税局,2025-05-02,2026-01-10
370,6,2904,纺织品（HS代码：2904）,11.6,12.0,{},10677,菲律宾海关局,2024-11-10,2025-11-10
371,3,4906,纺织品（HS代码：4906）,46.6,8.8,{},936000,越南海关总署,2024-07-08,2025-12-31
372,3,3714,电子设备（HS代码：3714）,49.6,8.4,"{""special_consumption_tax"": 13.8}",1126000,越南海关总署,2025-11-11,2026-01-10
373,2,0955,电子设备（HS代码：0955）,57.9,9.6,{},1316,商业部,2024-11-17,2025-05-16
374,7,9820,设备及零件（HS代码：9820）,17.4,10.0,{},52.27,税务总局,2025-07-13,2026-01-09
375,5,4468,纺织品（HS代码：4468）,0.0,8.5,{},455,国内税务局 (ASEAN FTA),2025-09-16,2026-01-10
376,2,9820,设备及零件（HS代码：9820）,24.2,7.2,{},1407,泰国税务局,2024-12-21,2026-01-10
377,3,8471,自动数据处理设备及其部件,10.6,9.9,{},1063000,税务总局 (ASEAN FTA),2025-10-23,2026-01-10
378,6,9820,设备及零件（HS代码：9820）,7.8,12.0,{},8363,菲律宾海关局,2024-03-21,2024-12-31
379,4,2758,纺织品（HS代码：2758）,20.5,8.5,{},547,内陆税收局,2024-03-10,2024-09-06
380,4,9401,坐具（包括能作床用的两用椅）,7.8,9.2,{},504,马来西亚皇家关税局,2025-10-17,2026-01-10
381,9,6502,化学产品（HS代码：6502）,3.1,5.0,{},82000,缅甸海关总署,2025-12-05,2026-01-10
382,3,1081,电子设备（HS代码：1081）,39.6,8.7,{},1156000,税务总局,2024-08-03,2026-01-10
383,2,8939,电子设备（HS代码：8939）,36.1,9.5,{},1778,泰国税务局,2024-10-05,2025-04-03
384,3,4468,纺织品（HS代码：4468）,22.7,8.4,"{""special_consumption_tax"": 9.1}",1001000,工贸部,2024-09-28,2025-03-27
385,6,3010,化学产品（HS代码：3010）,3.6,12.0,{},9006,菲律宾海关局 (ASEAN FTA),2025-03-04,2026-01-10
386,6,8517,电话机，包括蜂窝网络电话,10.6,12.0,{},9456,国税局,2025-09-05,2026-01-10
387,4,3304,美容品或化妆品及护肤品,27.9,7.8,{},505,内陆税收局,2024-04-03,2026-01-10
388,3,6815,原材料（HS代码：6815）,24.3,9.4,"{""special_consumption_tax"": 7.9}",810000,越南海关总署,2024-12-11,2025-06-09
389,10,7379,纺织品（HS代码：7379）,0.8,0.0,{},425,税务局,2025-11-07,2026-01-10
390,5,8535,制成品（HS代码：8535）,11.4,8.9,{},368,新加坡关税局,2025-05-08,2025-11-04
391,8,0221,原材料（HS代码：0221）,2.7,8.6,{},849000,老挝海关总署,2025-03-02,2026-01-10
392,2,3926,其他塑料制品及塑料材料制品,56.2,8.6,{},1219,泰国税务局,2024-12-10,2025-06-08
393,4,4906,纺织品（HS代码：4906）,16.9,6.6,{},504,内陆税收局,2024-11-02,2025-11-02
394,3,3714,电子设备（HS代码：3714）,20.5,8.9,{},941000,工贸部,2025-09-12,2026-01-10
395,9,9150,设备及零件（HS代码：9150）,15.8,5.0,{},118000,税务局,2025-03-13,2025-09-09
396,9,0227,消费品（HS代码：0227）,7.2,5.0,{},112000,税务局,2024-04-08,2026-01-10
397,3,7985,半成品（HS代码：7985）,3.7,8.3,{},1183000,税务总局 (ASEAN FTA),2025-04-13,2025-10-10
398,2,1935,制成品（HS代码：1935）,40.8,8.5,{},1394,泰国税务局,2025-10-04,2026-01-10
399,6,3714,电子设备（HS代码：3714）,15.6,12.0,{},9965,菲律宾海关局 (ASEAN FTA),2025-03-10,2026-01-10
400,4,6109,棉制T恤衫、背心及其他内衣,6.3,8.9,{},599,内陆税收局,2024-04-03,2026-01-10
401,4,4468,纺织品（HS代码：4468）,4.3,8.0,{},470,内陆税收局,2025-08-02,2026-01-10
402,4,6109,棉制T恤衫、背心及其他内衣,15.4,7.6,{},410,马来西亚皇家关税局,2024-07-25,2026-01-10
403,9,3918,设备及零件（HS代码：3918）,16.2,5.0,{},86000,缅甸海关总署,2025-12-23,2026-01-10
404,6,8528,监视器及投影机,1.8,12.0,{},8667,国税局,2024-04-18,2025-04-18
405,2,4542,半成品（HS代码：4542）,52.1,8.3,{},1364,商业部,2024-09-24,2025-12-31
406,10,7379,纺织品（HS代码：7379）,23.3,0.0,{},388,文莱皇家关税局,2025-01-25,2026-01-10
407,9,9005,设备及零件（HS代码：9005）,26.9,5.0,{},110000,缅甸海关总署,2024-06-16,2024-12-13
408,6,0955,电子设备（HS代码：0955）,11.9,12.0,{},10348,菲律宾海关局,2024-09-16,2025-03-15
409,7,3709,化学产品（HS代码：3709）,18.2,10.0,{},58.05,柬埔寨海关总署,2025-07-20,2026-01-10
410,9,8939,电子设备（HS代码：8939）,38.5,5.0,{},107000,缅甸海关总署,2025-08-26,2026-01-10
411,6,2005,设备及零件（HS代码：2005）,42.5,12.0,{},10294,国税局,2024-08-10,2025-02-06
412,2,4030,电子设备（HS代码：4030）,30.2,8.4,{},1325,泰国海关厅,2025-10-10,2026-01-10
413,5,8026,原材料（HS代码：8026）,13.4,8.8,{},422,新加坡关税局,2024-03-18,2025-03-18
414,2,5109,工业用品（HS代码：5109）,5.4,7.2,{},1448,泰国税务局,2024-09-28,2026-01-10
415,9,1762,设备及零件（HS代码：1762）,11.9,5.0,{},118000,缅甸海关总署,2024-12-19,2025-06-17
416,2,8535,制成品（HS代码：8535）,9.2,7.6,{},1453,泰国税务局,2025-07-22,2026-01-10
417,6,4838,纺织品（HS代码：4838）,4.0,12.0,{},8128,菲律宾海关局 (ASEAN FTA),2025-10-26,2026-01-10
418,1,0574,制成品（HS代码：0574）,19.7,10.1,{},0,印尼税务总局,2025-06-19,2025-12-16
419,10,8026,原材料（HS代码：8026）,0.2,0.0,{},423,税务局,2024-09-25,2025-12-31
420,10,0955,电子设备（HS代码：0955）,8.4,0.0,{},379,税务局,2024-06-17,2026-01-10
421,10,3926,其他塑料制品及塑料材料制品,24.4,0.0,{},472,文莱皇家关税局,2025-05-17,2025-11-13
422,5,8659,消费品（HS代码：8659）,8.6,8.5,{},413,新加坡关税局,2024-07-02,2026-01-10
423,7,3010,化学产品（HS代码：3010）,7.9,10.0,{},54.29,柬埔寨海关总署,2025-10-28,2026-01-10
424,3,3004,由混合或非混合产品构成的治病或防病用药品,0.1,8.6,"{""special_consumption_tax"": 12.9}",1052000,越南海关总署,2025-08-07,2026-01-10
425,5,9504,视频游戏控制器及设备,6.8,7.5,{},326,新加坡关税局,2024-04-18,2024-10-15
426,2,6815,原材料（HS代码：6815）,36.7,7.9,{},1790,泰国税务局,2024-11-08,2026-01-10
427,6,7951,设备及零件（HS代码：7951）,15.6,12.0,{},8491,国税局,2024-05-22,2025-05-22
428,5,6639,化学产品（HS代码：6639）,7.6,7.4,{},368,新加坡关税局,2024-03-21,2025-03-21
429,7,0690,制成品（HS代码：0690）,12.9,10.0,{},45.54,税务总局,2024-02-26,2025-02-25
430,10,3926,其他塑料制品及塑料材料制品,16.2,0.0,{},386,文莱皇家关税局,2025-08-10,2026-01-10
431,5,6109,棉制T恤衫、背心及其他内衣,15.5,8.7,{},445,新加坡关税局,2024-07-06,2025-01-02
432,2,1935,制成品（HS代码：1935）,74.3,9.6,{},1428,泰国税务局,2025-03-02,2026-01-10
433,7,0227,消费品（HS代码：0227）,10.9,10.0,{},48.25,税务总局,2024-08-15,2026-01-10
434,1,9503,三轮车、踏板车及类似的带轮玩具,15.3,5.2,{},0,印尼海关总署,2024-07-14,2025-12-31
435,10,4694,消费品（HS代码：4694）,9.3,0.0,{},404,税务局,2025-09-21,2026-01-10
436,10,2955,消费品（HS代码：2955）,14.5,0.0,{},417,文莱皇家关税局,2025-07-23,2026-01-10
437,1,4219,设备及零件（HS代码：4219）,11.0,10.7,{},0,贸易部,2024-06-04,2024-12-31
438,7,3304,美容品或化妆品及护肤品,34.8,10.0,{},40.19,柬埔寨海关总署,2025-06-26,2026-01-10
439,1,4410,半成品（HS代码：4410）,18.2,8.4,{},0,印尼税务总局,2025-03-03,2025-08-30
440,7,8659,消费品（HS代码：8659）,21.9,10.0,{},42.18,税务总局,2025-06-15,2026-01-10
441,3,7951,设备及零件（HS代码：7951）,13.1,8.1,"{""special_consumption_tax"": 5.9}",826000,税务总局,2024-06-24,2025-12-31
442,7,8535,制成品（HS代码：8535）,30.4,10.0,{},48.24,柬埔寨海关总署,2025-10-08,2026-01-10
443,8,7389,机械设备（HS代码：7389）,4.9,7.5,{},832000,老挝海关总署,2025-11-18,2026-01-10
444,8,8703,主要用于载人的机动车辆,32.5,7.4,{},813000,税务局,2025-09-13,2026-01-10
445,2,3168,机械设备（HS代码：3168）,8.9,7.8,{},1329,商业部,2024-07-16,2025-07-16
446,9,2904,纺织品（HS代码：2904）,35.3,5.0,{},106000,税务局,2024-02-27,2026-01-10
447,9,6290,原材料（HS代码：6290）,19.3,5.0,{},115000,税务局,2024-08-19,2025-02-15
448,8,7214,制成品（HS代码：7214）,32.1,8.3,{},1077000,老挝海关总署,2024-01-14,2024-07-12
449,8,4653,工业用品（HS代码：4653）,3.8,7.8,{},900000,税务局,2025-01-25,2026-01-10
450,1,8939,电子设备（HS代码：8939）,31.5,5.0,{},0,印尼税务总局,2024-01-24,2026-01-10
451,10,9150,设备及零件（HS代码：9150）,19.8,0.0,{},344,文莱皇家关税局,2024-05-28,2024-12-31
452,9,3714,电子设备（HS代码：3714）,32.5,5.0,{},101000,税务局,2024-04-01,2026-01-10
453,8,8659,消费品（HS代码：8659）,38.8,9.3,{},1006000,税务局,2025-01-17,2026-01-10
454,4,3010,化学产品（HS代码：3010）,20.4,7.8,{},460,马来西亚皇家关税局,2025-05-02,2026-01-10
455,10,5673,设备及零件（HS代码：5673）,10.4,0.0,{},400,文莱皇家关税局,2024-09-04,2026-01-10
456,6,9468,设备及零件（HS代码：9468）,25.6,12.0,{},8377,菲律宾海关局,2025-12-06,2026-01-10
457,1,3454,制成品（HS代码：3454）,1.3,9.5,{},0,印尼海关总署,2025-01-01,2026-01-10
458,1,6080,纺织品（HS代码：6080）,0.5,6.0,{},0,贸易部 (ASEAN FTA),2025-05-27,2025-12-31
459,6,3709,化学产品（HS代码：3709）,16.1,12.0,{},11589,菲律宾海关局,2024-08-09,2025-02-05
460,5,9468,设备及零件（HS代码：9468）,5.7,8.2,{},323,新加坡关税局,2025-03-05,2026-01-10
461,5,2152,电子设备（HS代码：2152）,15.1,7.7,{},479,国内税务局,2025-07-13,2026-01-10
462,5,8487,消费品（HS代码：8487）,12.2,8.3,{},325,新加坡关税局,2025-02-14,2025-08-13
463,9,7323,餐桌、厨房或其他家用钢铁器具,24.0,5.0,{},108000,缅甸海关总署,2025-07-05,2026-01-10
464,6,6271,设备及零件（HS代码：6271）,29.6,12.0,{},11343,菲律宾海关局,2024-12-27,2025-06-25
465,6,8117,半成品（HS代码：8117）,9.4,12.0,{},9949,国税局,2025-01-10,2026-01-10
466,5,8415,空气调节器,18.3,7.3,{},365,新加坡关税局,2024-06-12,2024-12-09
467,4,7389,机械设备（HS代码：7389）,10.5,9.1,{},401,内陆税收局,2025-04-24,2026-01-10
468,1,3984,消费品（HS代码：3984）,14.7,6.4,{},0,印尼税务总局,2025-12-01,2026-01-10
469,7,6288,机械设备（HS代码：6288）,10.3,10.0,{},42.88,税务总局,2025-11-27,2026-01-10
470,5,6127,消费品（HS代码：6127）,6.7,8.9,{},325,新加坡关税局 (ASEAN FTA),2024-04-02,2026-01-10
471,4,3984,消费品（HS代码：3984）,12.0,8.4,{},417,马来西亚皇家关税局 (ASEAN FTA),2024-03-03,2025-12-31
472,7,4906,纺织品（HS代码：4906）,9.2,10.0,{},59.88,税务总局,2024-06-25,2024-12-22
473,9,7379,纺织品（HS代码：7379）,7.2,5.0,{},111000,税务局,2025-09-25,2026-01-10
474,8,0240,半成品（HS代码：0240）,10.5,10.0,{},940000,老挝海关总署,2025-12-24,2026-01-10
475,6,9150,设备及零件（HS代码：9150）,48.3,12.0,{},11077,菲律宾海关局,2024-10-05,2026-01-10
476,1,4410,半成品（HS代码：4410）,21.4,7.6,{},0,贸易部,2024-05-22,2025-05-22
477,10,8535,制成品（HS代码：8535）,13.2,0.0,{},478,文莱皇家关税局,2025-04-16,2026-01-10
478,3,6109,棉制T恤衫、背心及其他内衣,1.8,9.3,{},991000,越南海关总署,2025-11-04,2026-01-10
479,1,0240,半成品（HS代码：0240）,33.5,9.0,{},0,贸易部,2024-03-19,2024-12-31
480,1,6051,制成品（HS代码：6051）,7.4,9.0,{},0,印尼海关总署,2025-04-09,2026-01-10
481,5,4653,工业用品（HS代码：4653）,11.2,8.1,{},429,新加坡关税局,2024-05-05,2025-12-31
482,10,2955,消费品（HS代码：2955）,9.7,0.0,{},360,文莱皇家关税局,2025-04-18,2025-10-15
483,2,7389,机械设备（HS代码：7389）,3.1,8.6,{},1491,泰国海关厅,2024-03-10,2026-01-10
484,4,3119,机械设备（HS代码：3119）,10.8,9.7,{},552,内陆税收局,2025-02-14,2026-01-10
485,3,8703,主要用于载人的机动车辆,26.3,9.2,{},844000,工贸部,2024-12-23,2025-06-21
486,2,3918,设备及零件（HS代码：3918）,52.6,7.7,{},1735,泰国税务局,2025-01-08,2025-07-07
487,8,1175,设备及零件（HS代码：1175）,12.8,9.2,{},1147000,老挝海关总署,2025-12-09,2026-01-10
488,1,7353,半成品（HS代码：7353）,25.9,9.2,{},0,印尼海关总署,2024-06-16,2026-01-10
489,5,8517,电话机，包括蜂窝网络电话,4.2,8.8,{},382,国内税务局,2024-03-26,2025-03-26
490,4,6288,机械设备（HS代码：6288）,5.1,9.3,{},402,内陆税收局 (ASEAN FTA),2024-06-16,2024-12-31
491,10,2955,消费品（HS代码：2955）,23.5,0.0,{},441,税务局,2025-08-26,2026-01-10
492,4,5109,工业用品（HS代码：5109）,12.1,7.0,{},459,内陆税收局,2025-02-03,2026-01-10
493,2,3304,美容品或化妆品及护肤品,3.4,9.9,{},1730,泰国税务局,2024-04-10,2024-10-07
494,8,4494,工业用品（HS代码：4494）,24.5,9.3,{},1133000,老挝海关总署,2024-07-11,2025-12-31
495,9,6127,消费品（HS代码：6127）,37.3,5.0,{},113000,税务局,2024-05-22,2026-01-10
496,6,1098,设备及零件（HS代码：1098）,43.9,12.0,{},9420,菲律宾海关局,2024-05-18,2025-05-18
497,6,3010,化学产品（HS代码：3010）,5.2,12.0,{},10794,国税局,2024-05-12,2025-12-31
498,6,5109,工业用品（HS代码：5109）,38.0,12.0,{},9254,国税局,2025-06-15,2026-01-10
499,1,8703,主要用于载人的机动车辆,6.9,9.0,"{""luxury_tax"": 14.2}",0,印尼海关总署 (ASEAN FTA),2024-02-16,2026-01-10
500,1,4906,纺织品（HS代码：4906）,37.2,9.0,{},0,贸易部,2024-09-09,2025-12-31
501,7,7339,半成品（HS代码：7339）,23.3,10.0,{},48.22,税务总局,2024-03-07,2024-09-03
502,1,8664,设备及零件（HS代码：8664）,7.9,5.5,{},0,贸易部,2025-06-23,2026-01-10
503,2,4011,新的充气橡胶轮胎,1.4,8.0,{},1330,商业部 (ASEAN FTA),2025-02-11,2025-08-10
504,2,5673,设备及零件（HS代码：5673）,44.3,7.8,{},1217,泰国海关厅,2024-02-20,2026-01-10
505,9,3304,美容品或化妆品及护肤品,13.2,5.0,{},118000,税务局,2024-02-25,2024-12-31
506,5,7316,设备及零件（HS代码：7316）,7.8,7.4,{},354,新加坡关税局,2025-11-14,2026-01-10
507,4,1175,设备及零件（HS代码：1175）,7.5,8.1,{},491,马来西亚皇家关税局 (ASEAN FTA),2024-03-27,2024-09-23
508,7,2904,纺织品（HS代码：2904）,12.1,10.0,{},40.95,柬埔寨海关总署,2024-06-10,2024-12-31
509,2,7811,半成品（HS代码：7811）,41.8,7.3,{},1684,商业部,2025-08-20,2026-01-10
510,9,7811,半成品（HS代码：7811）,3.4,5.0,{},116000,税务局,2025-01-13,2026-01-10
511,3,8117,半成品（HS代码：8117）,37.0,8.4,{},1036000,工贸部,2024-12-26,2025-12-31
512,4,6206,工业用品（HS代码：6206）,22.8,9.5,{},488,内陆税收局,2024-12-03,2025-06-01
513,8,2152,电子设备（HS代码：2152）,35.4,8.7,{},1151000,老挝海关总署,2025-12-22,2026-01-10
514,4,8703,主要用于载人的机动车辆,27.8,9.6,{},530,马来西亚皇家关税局,2025-10-14,2026-01-10
515,1,3004,由混合或非混合产品构成的治病或防病用药品,0.1,9.2,{},0,印尼税务总局 (ASEAN FTA),2025-08-13,2026-01-10
516,10,9820,设备及零件（HS代码：9820）,17.1,0.0,{},431,文莱皇家关税局,2024-07-23,2025-07-23
517,7,4030,电子设备（HS代码：4030）,13.3,10.0,{},54.48,税务总局,2025-05-10,2026-01-10
518,1,8978,电子设备（HS代码：8978）,38.5,10.5,{},0,印尼海关总署,2024-09-23,2025-03-22
519,5,8471,自动数据处理设备及其部件,8.1,8.8,{},457,新加坡关税局,2025-06-14,2025-12-31
520,6,7323,餐桌、厨房或其他家用钢铁器具,25.2,12.0,{},8156,国税局,2024-05-21,2026-01-10
521,8,2005,设备及零件（HS代码：2005）,37.0,7.1,{},1175000,老挝海关总署,2025-08-17,2026-01-10
522,9,4865,消费品（HS代码：4865）,34.7,5.0,{},85000,缅甸海关总署,2025-03-10,2026-01-10
523,10,0955,电子设备（HS代码：0955）,15.4,0.0,{},346,文莱皇家关税局,2024-04-15,2024-10-12
524,9,8308,半成品（HS代码：8308）,3.6,5.0,{},101000,税务局,2024-02-13,2024-08-11
525,10,3010,化学产品（HS代码：3010）,22.3,0.0,{},348,税务局,2025-08-09,2026-01-10
526,5,1299,纺织品（HS代码：1299）,7.4,8.6,{},336,国内税务局,2024-04-19,2024-10-16
527,10,0227,消费品（HS代码：0227）,13.2,0.0,{},365,税务局,2024-01-21,2025-01-20
528,9,9504,视频游戏控制器及设备,10.9,5.0,{},99000,税务局,2025-08-10,2026-01-10
529,5,8939,电子设备（HS代码：8939）,15.6,8.8,{},474,国内税务局,2024-06-16,2026-01-10
530,4,2878,机械设备（HS代码：2878）,11.6,9.0,{},475,马来西亚皇家关税局,2025-07-20,2026-01-10
531,5,7811,半成品（HS代码：7811）,7.7,8.3,{},440,新加坡关税局,2024-02-14,2026-01-10
532,6,1098,设备及零件（HS代码：1098）,7.1,12.0,{},8903,国税局,2024-04-01,2025-04-01
533,8,9298,制成品（HS代码：9298）,32.2,9.1,{},989000,老挝海关总署,2024-02-23,2024-08-21
534,4,8978,电子设备（HS代码：8978）,17.7,6.7,{},599,内陆税收局,2024-03-08,2025-03-08
535,5,3918,设备及零件（HS代码：3918）,4.1,7.1,{},472,国内税务局 (ASEAN FTA),2025-06-28,2026-01-10
536,1,7951,设备及零件（HS代码：7951）,20.7,6.4,{},0,印尼税务总局,2024-01-25,2025-01-24
537,5,7353,半成品（HS代码：7353）,15.0,7.5,{},357,国内税务局,2025-07-02,2025-12-29
538,1,8117,半成品（HS代码：8117）,3.7,8.8,{},0,贸易部 (ASEAN FTA),2024-11-05,2025-11-05
539,1,1762,设备及零件（HS代码：1762）,5.6,9.7,{},0,贸易部,2025-04-08,2026-01-10
540,2,6271,设备及零件（HS代码：6271）,69.5,9.9,{},1250,泰国税务局,2024-05-14,2024-11-10
541,3,6109,棉制T恤衫、背心及其他内衣,20.5,9.0,{},1118000,工贸部,2024-11-18,2026-01-10
542,10,8703,主要用于载人的机动车辆,12.2,0.0,{},431,税务局,2024-03-21,2026-01-10
543,10,1935,制成品（HS代码：1935）,4.5,0.0,{},321,文莱皇家关税局,2025-02-25,2026-01-10
544,7,3119,机械设备（HS代码：3119）,10.1,10.0,{},43.43,税务总局,2024-06-12,2025-06-12
545,4,6080,纺织品（HS代码：6080）,11.8,6.1,{},461,内陆税收局,2025-01-16,2026-01-10
546,4,4838,纺织品（HS代码：4838）,2.7,8.9,{},565,马来西亚皇家关税局 (ASEAN FTA),2025-04-21,2026-01-10
547,3,4219,设备及零件（HS代码：4219）,49.6,9.3,{},1095000,税务总局,2024-11-05,2025-11-05
548,7,6204,女式西服套装、上衣、连衣裙等,24.9,10.0,{},47.22,柬埔寨海关总署,2025-11-25,2026-01-10
549,6,6609,消费品（HS代码：6609）,23.9,12.0,{},11589,国税局,2024-10-22,2025-10-22
550,5,4653,工业用品（HS代码：4653）,3.4,7.7,{},424,国内税务局,2025-11-04,2026-01-10
551,3,3010,化学产品（HS代码：3010）,6.1,8.1,{},1145000,税务总局,2024-11-23,2026-01-10
552,4,6689,原材料（HS代码：6689）,3.1,8.4,{},421,马来西亚皇家关税局 (ASEAN FTA),2025-01-05,2025-07-04
553,10,4219,设备及零件（HS代码：4219）,6.0,0.0,{},327,税务局,2025-02-06,2026-01-10
554,6,4694,消费品（HS代码：4694）,12.8,12.0,{},10628,菲律宾海关局,2025-02-14,2026-01-10
555,2,8026,原材料（HS代码：8026）,35.4,8.5,{},1506,泰国税务局,2024-05-10,2024-12-31
556,2,6609,消费品（HS代码：6609）,11.7,7.3,{},1594,泰国海关厅 (ASEAN FTA),2025-08-16,2026-01-10
557,7,2904,纺织品（HS代码：2904）,12.8,10.0,{},54.92,柬埔寨海关总署,2025-11-03,2026-01-10
558,7,6632,化学产品（HS代码：6632）,0.1,10.0,{},55.7,柬埔寨海关总署,2024-02-22,2024-08-20
559,6,2040,消费品（HS代码：2040）,31.8,12.0,{},10846,国税局,2024-12-01,2025-05-30
560,10,7662,纺织品（HS代码：7662）,16.2,0.0,{},461,税务局,2025-09-24,2026-01-10
561,1,9468,设备及零件（HS代码：9468）,18.7,8.0,{},0,贸易部,2025-03-25,2025-12-31
562,7,8471,自动数据处理设备及其部件,6.9,10.0,{},53.97,柬埔寨海关总署,2025-11-22,2026-01-10
563,7,7214,制成品（HS代码：7214）,0.1,10.0,{},40.48,税务总局,2025-05-15,2026-01-10
564,2,1081,电子设备（HS代码：1081）,75.8,8.6,{},1774,商业部,2025-09-28,2026-01-10
565,9,6502,化学产品（HS代码：6502）,3.8,5.0,{},110000,税务局,2024-11-24,2025-11-24
566,7,6109,棉制T恤衫、背心及其他内衣,18.0,10.0,{},58.06,税务总局,2024-07-07,2025-01-03
567,5,5529,机械设备（HS代码：5529）,2.1,8.4,{},335,国内税务局 (ASEAN FTA),2024-07-14,2026-01-10
568,6,8517,电话机，包括蜂窝网络电话,16.2,12.0,{},11149,菲律宾海关局,2024-03-27,2025-03-27
569,1,5533,纺织品（HS代码：5533）,29.6,10.7,{},0,贸易部,2025-07-19,2026-01-10
570,8,4653,工业用品（HS代码：4653）,25.8,8.0,{},1175000,老挝海关总署,2025-03-19,2026-01-10
571,6,8528,监视器及投影机,2.8,12.0,{},8458,国税局,2025-03-27,2026-01-10
572,10,1098,设备及零件（HS代码：1098）,16.2,0.0,{},431,文莱皇家关税局,2025-02-27,2025-08-26
573,6,2858,半成品（HS代码：2858）,38.2,12.0,{},11141,国税局,2025-12-04,2026-01-10
574,10,6609,消费品（HS代码：6609）,18.4,0.0,{},413,税务局,2025-09-10,2026-01-10
575,8,5673,设备及零件（HS代码：5673）,31.6,9.4,{},1194000,老挝海关总署,2024-01-17,2024-12-31
576,8,7353,半成品（HS代码：7353）,33.8,9.8,{},1070000,老挝海关总署,2025-07-09,2026-01-05
577,8,0221,原材料（HS代码：0221）,33.5,9.4,{},878000,税务局,2024-03-15,2024-09-11
578,7,6639,化学产品（HS代码：6639）,27.2,10.0,{},53.23,税务总局,2024-03-11,2026-01-10
579,5,8517,电话机，包括蜂窝网络电话,10.0,8.2,{},419,新加坡关税局,2024-04-11,2025-04-11
580,8,6206,工业用品（HS代码：6206）,15.0,7.7,{},1050000,税务局,2025-12-24,2026-01-10
581,3,5533,纺织品（HS代码：5533）,24.0,9.5,"{""special_consumption_tax"": 10.2}",1127000,工贸部,2025-05-18,2026-01-10
582,7,6080,纺织品（HS代码：6080）,31.0,10.0,{},49.84,税务总局,2025-09-03,2026-01-10
583,4,4865,消费品（HS代码：4865）,18.9,7.8,{},598,内陆税收局,2025-06-27,2026-01-10
584,4,9001,光学纤维、光学纤维束及光缆,11.4,6.1,{},415,马来西亚皇家关税局,2025-01-20,2026-01-10
585,10,7856,化学产品（HS代码：7856）,11.5,0.0,{},374,文莱皇家关税局,2025-02-24,2026-01-10
586,5,7856,化学产品（HS代码：7856）,11.8,8.5,{},390,新加坡关税局,2025-04-11,2025-12-31
587,4,7662,纺织品（HS代码：7662）,9.3,8.5,{},487,内陆税收局,2024-10-03,2025-12-31
588,2,2040,消费品（HS代码：2040）,61.8,9.3,{},1402,商业部,2025-03-07,2025-09-03
589,3,3304,美容品或化妆品及护肤品,30.0,9.2,{},979000,越南海关总署,2024-09-05,2025-09-05
590,1,4011,新的充气橡胶轮胎,7.6,7.8,{},0,贸易部,2025-05-06,2026-01-10
591,10,8528,监视器及投影机,2.3,0.0,{},369,税务局,2024-11-25,2025-05-24
592,10,9401,坐具（包括能作床用的两用椅）,7.8,0.0,{},400,文莱皇家关税局,2024-02-14,2026-01-10
593,8,8471,自动数据处理设备及其部件,14.7,8.5,{},969000,税务局,2025-11-15,2026-01-10
594,5,6206,工业用品（HS代码：6206）,9.1,8.2,{},435,国内税务局,2025-02-15,2026-01-10
595,1,8487,消费品（HS代码：8487）,22.9,6.8,{},0,印尼税务总局,2024-12-09,2025-06-07
596,8,6498,设备及零件（HS代码：6498）,25.0,8.0,{},1006000,老挝海关总署,2025-08-05,2026-01-10
597,10,3984,消费品（HS代码：3984）,24.6,0.0,{},378,税务局,2025-04-05,2026-01-10
598,2,0240,半成品（HS代码：0240）,14.9,8.4,{},1724,商业部 (ASEAN FTA),2024-03-01,2026-01-10
599,10,3004,由混合或非混合产品构成的治病或防病用药品,3.1,0.0,{},426,文莱皇家关税局,2025-09-27,2026-01-10
600,2,8528,监视器及投影机,7.4,7.1,{},1303,泰国海关厅,2024-09-04,2025-09-04
601,4,8117,半成品（HS代码：8117）,10.3,8.1,{},557,马来西亚皇家关税局,2025-08-11,2026-01-10
602,5,5529,机械设备（HS代码：5529）,2.7,7.1,{},438,国内税务局,2024-03-25,2024-12-31
603,4,8535,制成品（HS代码：8535）,11.9,8.5,{},472,马来西亚皇家关税局,2025-05-23,2026-01-10
604,5,0690,制成品（HS代码：0690）,5.6,7.0,{},478,新加坡关税局,2024-01-23,2025-12-31
605,5,6639,化学产品（HS代码：6639）,0.2,7.5,{},457,新加坡关税局 (ASEAN FTA),2024-10-05,2025-12-31
606,9,8308,半成品（HS代码：8308）,9.1,5.0,{},95000,税务局,2024-11-13,2026-01-10
607,8,5673,设备及零件（HS代码：5673）,26.1,7.3,{},986000,税务局,2024-07-15,2026-01-10
608,10,0574,制成品（HS代码：0574）,20.8,0.0,{},359,税务局,2025-12-22,2026-01-10
609,10,2758,纺织品（HS代码：2758）,0.3,0.0,{},349,文莱皇家关税局,2024-01-05,2026-01-04
610,5,6290,原材料（HS代码：6290）,18.2,8.2,{},374,新加坡关税局,2025-04-02,2026-01-10
611,4,0221,原材料（HS代码：0221）,1.0,9.6,{},549,马来西亚皇家关税局,2025-04-28,2025-12-31
612,6,8664,设备及零件（HS代码：8664）,37.7,12.0,{},8398,国税局,2025-01-25,2026-01-10
613,1,7379,纺织品（HS代码：7379）,10.7,5.0,{},0,印尼税务总局,2025-05-19,2026-01-10
614,7,9150,设备及零件（HS代码：9150）,12.0,10.0,{},48.53,税务总局,2024-12-27,2025-06-25
615,8,8541,二极管、晶体管及类似半导体器件,17.6,7.8,{},989000,老挝海关总署,2025-01-28,2025-07-27
616,6,9503,三轮车、踏板车及类似的带轮玩具,21.5,12.0,{},9977,菲律宾海关局,2025-10-20,2026-01-10
617,2,8308,半成品（HS代码：8308）,69.9,9.7,{},1672,商业部,2024-07-05,2025-07-05
618,5,5688,化学产品（HS代码：5688）,8.8,8.5,{},425,国内税务局,2024-07-03,2026-01-10
619,7,8517,电话机，包括蜂窝网络电话,3.4,10.0,{},42.14,柬埔寨海关总署,2025-03-25,2025-09-21
620,9,1019,消费品（HS代码：1019）,11.9,5.0,{},92000,缅甸海关总署,2025-08-24,2026-01-10
621,5,1175,设备及零件（HS代码：1175）,18.3,7.8,{},343,新加坡关税局,2025-04-27,2025-10-24
622,7,6271,设备及零件（HS代码：6271）,5.3,10.0,{},57.52,柬埔寨海关总署,2025-09-24,2026-01-10
623,7,8026,原材料（HS代码：8026）,12.1,10.0,{},44.98,税务总局,2024-06-03,2024-12-31
624,2,8703,主要用于载人的机动车辆,54.8,9.1,{},1396,商业部,2025-07-09,2026-01-10
625,1,6109,棉制T恤衫、背心及其他内衣,26.3,5.0,{},0,印尼海关总署,2024-08-12,2026-01-10
626,5,8659,消费品（HS代码：8659）,9.3,7.3,{},430,国内税务局,2025-01-18,2026-01-10
627,5,3926,其他塑料制品及塑料材料制品,14.2,7.9,{},387,新加坡关税局,2024-11-23,2025-12-31
628,3,4030,电子设备（HS代码：4030）,29.6,9.8,{},1116000,工贸部,2025-09-10,2026-01-10
629,5,9005,设备及零件（HS代码：9005）,2.0,9.0,{},430,国内税务局,2024-11-19,2026-01-10
630,7,9603,帚、刷、拖把,9.0,10.0,{},49.46,柬埔寨海关总署,2024-11-25,2025-12-31
631,10,7323,餐桌、厨房或其他家用钢铁器具,11.4,0.0,{},477,文莱皇家关税局,2025-03-14,2025-09-10
632,10,9005,设备及零件（HS代码：9005）,25.5,0.0,{},362,文莱皇家关税局,2025-10-27,2026-01-10
633,4,7676,消费品（HS代码：7676）,19.5,9.8,{},408,内陆税收局,2024-02-02,2026-01-10
634,4,9468,设备及零件（HS代码：9468）,22.0,6.5,{},541,内陆税收局,2025-06-14,2026-01-10
635,8,6288,机械设备（HS代码：6288）,15.5,9.4,{},892000,税务局,2024-03-11,2025-03-11
636,2,8308,半成品（HS代码：8308）,25.3,8.2,{},1556,泰国海关厅,2025-01-23,2025-07-22
637,8,3984,消费品（HS代码：3984）,38.3,8.2,{},871000,老挝海关总署,2024-02-07,2025-12-31
638,8,7353,半成品（HS代码：7353）,1.5,8.5,{},847000,老挝海关总署,2024-07-10,2026-01-10
639,4,4410,半成品（HS代码：4410）,29.7,8.6,{},530,内陆税收局,2024-07-24,2025-12-31
640,6,7353,半成品（HS代码：7353）,3.4,12.0,{},11299,国税局 (ASEAN FTA),2024-04-10,2025-04-10
641,9,8978,电子设备（HS代码：8978）,37.8,5.0,{},107000,税务局,2025-02-02,2026-01-10
642,1,9503,三轮车、踏板车及类似的带轮玩具,8.2,9.3,{},0,印尼税务总局 (ASEAN FTA),2025-05-01,2026-01-10
643,9,4011,新的充气橡胶轮胎,35.3,5.0,{},92000,缅甸海关总署,2025-11-16,2026-01-10
644,1,2152,电子设备（HS代码：2152）,0.9,8.6,{},0,印尼税务总局 (ASEAN FTA),2025-09-02,2026-01-10
645,3,3168,机械设备（HS代码：3168）,0.2,8.2,{},1159000,工贸部 (ASEAN FTA),2025-10-09,2026-01-10
646,8,9005,设备及零件（HS代码：9005）,8.1,9.1,{},1008000,老挝海关总署,2025-12-02,2026-01-10
647,6,9468,设备及零件（HS代码：9468）,45.7,12.0,{},9176,菲律宾海关局,2024-02-23,2025-12-31
648,6,5109,工业用品（HS代码：5109）,44.6,12.0,{},8087,国税局,2025-08-14,2026-01-10
649,4,8939,电子设备（HS代码：8939）,2.6,8.5,{},533,马来西亚皇家关税局,2024-03-13,2026-01-10
650,1,1299,纺织品（HS代码：1299）,17.6,8.7,{},0,印尼税务总局,2024-05-07,2024-11-03
651,6,8978,电子设备（HS代码：8978）,46.6,12.0,{},9181,国税局,2025-02-07,2026-01-10
652,5,2955,消费品（HS代码：2955）,0.5,8.8,{},462,新加坡关税局 (ASEAN FTA),2024-08-08,2026-01-10
653,7,1299,纺织品（HS代码：1299）,11.4,10.0,{},56.14,税务总局,2024-01-18,2026-01-10
654,4,7676,消费品（HS代码：7676）,9.4,9.6,{},513,马来西亚皇家关税局,2024-11-27,2025-05-26
655,5,8659,消费品（HS代码：8659）,5.8,7.2,{},366,国内税务局,2025-04-22,2025-10-19
656,4,5109,工业用品（HS代码：5109）,24.0,7.4,{},543,内陆税收局,2024-12-15,2025-06-13
657,3,1762,设备及零件（HS代码：1762）,32.7,8.4,{},878000,越南海关总署,2024-11-19,2025-11-19
658,5,1019,消费品（HS代码：1019）,8.8,7.8,{},434,国内税务局,2025-11-23,2026-01-10
659,1,7389,机械设备（HS代码：7389）,19.3,7.7,{},0,贸易部,2024-11-09,2026-01-10
660,10,9005,设备及零件（HS代码：9005）,21.3,0.0,{},433,税务局,2024-04-12,2026-01-10
661,6,7985,半成品（HS代码：7985）,47.8,12.0,{},11679,菲律宾海关局,2024-11-05,2025-12-31
662,1,7379,纺织品（HS代码：7379）,3.6,6.8,{},0,印尼海关总署,2024-08-17,2026-01-10
663,3,4011,新的充气橡胶轮胎,14.2,9.1,{},1018000,越南海关总署,2024-09-02,2025-09-02
664,6,3304,美容品或化妆品及护肤品,10.0,12.0,{},10106,国税局,2025-12-12,2026-01-10
665,5,6271,设备及零件（HS代码：6271）,19.0,7.2,{},421,国内税务局,2024-04-07,2024-12-31
666,5,3168,机械设备（HS代码：3168）,6.1,8.6,{},340,国内税务局,2025-09-25,2026-01-10
667,7,3709,化学产品（HS代码：3709）,21.4,10.0,{},55.81,税务总局,2025-02-21,2025-12-31
668,6,7811,半成品（HS代码：7811）,0.4,12.0,{},9600,菲律宾海关局 (ASEAN FTA),2025-08-01,2026-01-10
669,4,7759,工业用品（HS代码：7759）,24.8,6.0,{},419,马来西亚皇家关税局,2024-09-15,2026-01-10
670,3,8531,纺织品（HS代码：8531）,24.5,9.1,"{""special_consumption_tax"": 8.7}",1032000,税务总局,2024-02-14,2026-01-10
671,2,8471,自动数据处理设备及其部件,38.4,7.3,{},1740,泰国税务局,2025-07-13,2026-01-10
672,1,6051,制成品（HS代码：6051）,36.5,8.7,{},0,印尼海关总署,2024-11-17,2026-01-10
673,2,6288,机械设备（HS代码：6288）,23.8,8.5,{},1542,泰国税务局,2025-05-08,2026-01-10
674,8,0351,化学产品（HS代码：0351）,37.0,9.5,{},851000,老挝海关总署,2025-06-16,2026-01-10
675,2,4202,皮革或再生皮革制衣箱、手提包等,64.8,8.0,{},1775,泰国海关厅,2024-03-13,2024-09-09
676,4,5688,化学产品（HS代码：5688）,21.9,6.0,{},595,内陆税收局,2024-09-14,2025-03-13
677,9,8308,半成品（HS代码：8308）,15.7,5.0,{},103000,缅甸海关总署,2024-01-15,2025-01-14
678,8,8978,电子设备（HS代码：8978）,34.6,8.5,{},831000,税务局,2025-03-08,2026-01-10
679,2,6051,制成品（HS代码：6051）,29.8,7.3,{},1488,商业部 (ASEAN FTA),2024-02-04,2024-12-31
680,4,8535,制成品（HS代码：8535）,29.9,9.7,{},491,内陆税收局,2024-04-26,2024-12-31
681,3,7379,纺织品（HS代码：7379）,12.0,8.4,{},1053000,税务总局 (ASEAN FTA),2024-11-15,2025-05-14
682,10,2904,纺织品（HS代码：2904）,26.8,0.0,{},429,税务局,2024-12-26,2025-12-26
683,7,4341,机械设备（HS代码：4341）,13.5,10.0,{},56.34,税务总局,2025-10-22,2026-01-10
684,10,3304,美容品或化妆品及护肤品,20.6,0.0,{},471,税务局,2024-10-11,2025-10-11
685,8,4653,工业用品（HS代码：4653）,18.7,8.1,{},1111000,税务局,2025-05-18,2025-12-31
686,9,8939,电子设备（HS代码：8939）,27.7,5.0,{},111000,税务局,2025-01-11,2026-01-10
687,2,6186,原材料（HS代码：6186）,1.2,7.6,{},1638,泰国海关厅 (ASEAN FTA),2025-09-20,2026-01-10
688,8,9503,三轮车、踏板车及类似的带轮玩具,17.7,8.4,{},821000,税务局,2025-02-04,2025-08-03
689,3,6204,女式西服套装、上衣、连衣裙等,22.3,9.3,{},913000,越南海关总署,2024-02-19,2025-02-18
690,4,7323,餐桌、厨房或其他家用钢铁器具,17.4,7.2,{},551,内陆税收局,2025-11-16,2026-01-10
691,4,8659,消费品（HS代码：8659）,16.7,9.3,{},461,马来西亚皇家关税局,2024-12-03,2025-12-31
692,5,1175,设备及零件（HS代码：1175）,19.7,7.9,{},337,国内税务局,2024-10-11,2025-12-31
693,9,5533,纺织品（HS代码：5533）,23.2,5.0,{},112000,缅甸海关总署,2024-11-22,2025-12-31
694,1,3714,电子设备（HS代码：3714）,14.2,5.5,{},0,印尼税务总局,2024-04-14,2026-01-10
695,4,6127,消费品（HS代码：6127）,9.0,8.6,{},454,马来西亚皇家关税局,2024-06-05,2026-01-10
696,8,0126,半成品（HS代码：0126）,39.2,7.8,{},1187000,老挝海关总署,2025-05-03,2026-01-10
697,4,6609,消费品（HS代码：6609）,6.8,6.2,{},557,内陆税收局,2025-12-06,2026-01-10
698,10,8659,消费品（HS代码：8659）,26.4,0.0,{},450,文莱皇家关税局,2025-02-04,2025-08-03
699,9,8541,二极管、晶体管及类似半导体器件,33.8,5.0,{},95000,缅甸海关总署,2025-02-14,2026-01-10
700,9,8302,电子设备（HS代码：8302）,39.1,5.0,{},107000,税务局,2024-06-22,2024-12-31
701,3,3714,电子设备（HS代码：3714）,0.6,8.9,{},1168000,越南海关总署 (ASEAN FTA),2024-10-05,2026-01-10
702,10,9603,帚、刷、拖把,0.4,0.0,{},444,税务局,2024-09-26,2025-12-31
703,4,7353,半成品（HS代码：7353）,20.6,6.6,{},558,马来西亚皇家关税局,2024-11-24,2025-05-23
704,2,6080,纺织品（HS代码：6080）,58.3,7.8,{},1768,商业部,2024-10-20,2025-12-31
705,2,0240,半成品（HS代码：0240）,40.5,9.2,{},1216,泰国税务局,2025-07-16,2026-01-10
706,8,3168,机械设备（HS代码：3168）,12.6,7.8,{},896000,税务局,2024-04-16,2025-04-16
707,8,8415,空气调节器,39.7,8.7,{},1060000,老挝海关总署,2024-08-06,2025-08-06
708,10,7389,机械设备（HS代码：7389）,14.1,0.0,{},343,文莱皇家关税局,2025-08-23,2026-01-10
709,5,9503,三轮车、踏板车及类似的带轮玩具,18.5,8.1,{},378,新加坡关税局,2024-07-04,2026-01-10
710,10,0221,原材料（HS代码：0221）,9.8,0.0,{},350,文莱皇家关税局,2025-11-28,2026-01-10
711,3,3004,由混合或非混合产品构成的治病或防病用药品,4.1,9.7,"{""special_consumption_tax"": 14.0}",1069000,越南海关总署,2024-10-12,2025-10-12
712,1,9504,视频游戏控制器及设备,10.1,9.9,"{""luxury_tax"": 14.3}",0,贸易部,2024-01-08,2024-07-06
713,7,7389,机械设备（HS代码：7389）,8.4,10.0,{},52.93,柬埔寨海关总署,2024-08-01,2025-08-01
714,8,5673,设备及零件（HS代码：5673）,22.6,9.4,{},817000,老挝海关总署,2024-09-13,2025-03-12
715,4,8471,自动数据处理设备及其部件,1.0,6.9,{},436,内陆税收局,2025-09-24,2026-01-10
716,10,2005,设备及零件（HS代码：2005）,10.5,0.0,{},333,文莱皇家关税局,2025-12-17,2026-01-10
717,7,3926,其他塑料制品及塑料材料制品,30.3,10.0,{},46.32,柬埔寨海关总署,2025-06-14,2025-12-11
718,8,5673,设备及零件（HS代码：5673）,25.6,8.7,{},1052000,税务局,2025-06-19,2025-12-31
719,3,5533,纺织品（HS代码：5533）,30.7,9.4,"{""special_consumption_tax"": 8.8}",987000,越南海关总署,2025-10-04,2026-01-10
720,4,3926,其他塑料制品及塑料材料制品,27.3,9.5,{},409,马来西亚皇家关税局,2024-08-05,2025-02-01
721,4,7985,半成品（HS代码：7985）,2.2,8.5,{},427,马来西亚皇家关税局,2024-03-19,2025-03-19
722,9,3004,由混合或非混合产品构成的治病或防病用药品,5.8,5.0,{},100000,税务局,2024-02-21,2024-12-31
723,8,8487,消费品（HS代码：8487）,2.7,7.9,{},1178000,老挝海关总署,2025-06-25,2026-01-10
724,4,1078,电子设备（HS代码：1078）,14.3,8.4,{},414,马来西亚皇家关税局,2024-06-10,2025-06-10
725,7,0221,原材料（HS代码：0221）,13.9,10.0,{},40.28,税务总局,2025-03-19,2026-01-10
726,3,6502,化学产品（HS代码：6502）,32.3,9.2,{},1058000,工贸部,2024-04-03,2024-09-30
727,10,7379,纺织品（HS代码：7379）,20.6,0.0,{},437,税务局,2025-10-20,2026-01-10
728,4,1019,消费品（HS代码：1019）,2.8,6.3,{},462,马来西亚皇家关税局 (ASEAN FTA),2025-12-08,2026-01-10
729,6,2152,电子设备（HS代码：2152）,20.4,12.0,{},8492,国税局,2024-12-19,2025-12-31
730,10,4219,设备及零件（HS代码：4219）,28.5,0.0,{},417,文莱皇家关税局,2024-12-05,2025-12-05
731,7,3709,化学产品（HS代码：3709）,4.2,10.0,{},43.54,税务总局,2024-05-17,2026-01-10
732,3,3709,化学产品（HS代码：3709）,45.9,9.5,{},831000,越南海关总署,2025-07-10,2026-01-06
733,7,7985,半成品（HS代码：7985）,5.8,10.0,{},55.89,柬埔寨海关总署,2024-12-13,2025-06-11
734,9,4011,新的充气橡胶轮胎,9.4,5.0,{},102000,税务局,2024-01-09,2025-01-08
735,8,8329,制成品（HS代码：8329）,6.6,7.2,{},977000,老挝海关总署,2024-07-23,2025-01-19
736,4,6815,原材料（HS代码：6815）,7.4,7.6,{},563,内陆税收局,2024-12-02,2026-01-10
737,3,2955,消费品（HS代码：2955）,23.3,8.0,{},881000,税务总局,2025-12-10,2026-01-10
738,10,4030,电子设备（HS代码：4030）,22.7,0.0,{},422,税务局,2025-08-14,2026-01-10
739,1,9468,设备及零件（HS代码：9468）,25.0,8.1,{},0,印尼税务总局,2025-07-28,2026-01-10
740,4,6186,原材料（HS代码：6186）,6.5,9.2,{},480,内陆税收局 (ASEAN FTA),2024-06-06,2026-01-10
741,8,8703,主要用于载人的机动车辆,32.6,9.4,{},870000,老挝海关总署,2024-07-11,2025-07-11
742,2,8471,自动数据处理设备及其部件,33.3,8.8,{},1738,泰国税务局,2024-07-11,2026-01-10
743,4,6639,化学产品（HS代码：6639）,2.8,9.3,{},471,内陆税收局 (ASEAN FTA),2025-11-15,2026-01-10
744,7,1762,设备及零件（HS代码：1762）,16.7,10.0,{},56.47,税务总局,2024-09-19,2025-12-31
745,5,9603,帚、刷、拖把,10.7,8.7,{},385,新加坡关税局,2025-11-24,2026-01-10
746,5,8703,主要用于载人的机动车辆,17.3,7.7,{},331,新加坡关税局,2025-04-01,2026-01-10
747,6,7339,半成品（HS代码：7339）,38.5,12.0,{},9220,菲律宾海关局,2024-08-20,2026-01-10
748,8,3004,由混合或非混合产品构成的治病或防病用药品,10.0,8.0,{},980000,税务局,2025-12-02,2026-01-10
749,9,3984,消费品（HS代码：3984）,12.5,5.0,{},91000,税务局,2024-01-27,2025-01-26
750,9,8703,主要用于载人的机动车辆,14.9,5.0,{},105000,税务局,2025-04-01,2026-01-10
751,10,6206,工业用品（HS代码：6206）,10.1,0.0,{},457,文莱皇家关税局,2024-05-10,2024-11-06
752,3,8329,制成品（HS代码：8329）,2.6,8.8,{},871000,税务总局 (ASEAN FTA),2025-05-04,2025-10-31
753,5,8487,消费品（HS代码：8487）,3.7,8.1,{},347,新加坡关税局 (ASEAN FTA),2025-03-25,2026-01-10
754,10,1078,电子设备（HS代码：1078）,6.4,0.0,{},364,税务局,2024-02-03,2024-12-31
755,9,7856,化学产品（HS代码：7856）,11.1,5.0,{},114000,缅甸海关总署,2024-07-23,2025-07-23
756,6,7339,半成品（HS代码：7339）,38.8,12.0,{},8071,国税局,2025-11-08,2026-01-10
757,8,8329,制成品（HS代码：8329）,14.8,9.2,{},1119000,税务局,2025-03-11,2025-12-31
758,5,0240,半成品（HS代码：0240）,1.1,8.3,{},439,国内税务局 (ASEAN FTA),2025-11-24,2026-01-10
759,3,4542,半成品（HS代码：4542）,25.4,9.0,{},1033000,税务总局,2025-09-16,2026-01-10
760,10,7389,机械设备（HS代码：7389）,0.8,0.0,{},427,文莱皇家关税局,2025-01-21,2026-01-10
761,10,1762,设备及零件（HS代码：1762）,5.1,0.0,{},368,税务局,2025-03-28,2026-01-10
762,4,0205,消费品（HS代码：0205）,8.4,8.5,{},415,马来西亚皇家关税局,2024-04-22,2025-12-31
763,1,2758,纺织品（HS代码：2758）,28.4,10.0,{},0,贸易部,2024-06-11,2024-12-08
764,2,6204,女式西服套装、上衣、连衣裙等,56.2,8.8,{},1617,泰国海关厅,2025-03-18,2026-01-10
765,9,1319,机械设备（HS代码：1319）,2.8,5.0,{},83000,缅甸海关总署,2024-07-15,2026-01-10
766,7,8978,电子设备（HS代码：8978）,25.1,10.0,{},41.45,柬埔寨海关总署,2024-10-16,2026-01-10
767,10,9468,设备及零件（HS代码：9468）,8.4,0.0,{},410,税务局,2025-04-20,2026-01-10
768,3,2955,消费品（HS代码：2955）,39.4,9.4,{},988000,越南海关总署,2025-08-04,2026-01-10
769,4,6689,原材料（HS代码：6689）,23.3,8.1,{},548,内陆税收局,2025-02-04,2025-08-03
770,4,9005,设备及零件（HS代码：9005）,1.3,9.8,{},553,内陆税收局,2024-11-09,2025-12-31
771,3,6632,化学产品（HS代码：6632）,25.6,9.0,{},991000,税务总局,2025-06-13,2025-12-10
772,9,8541,二极管、晶体管及类似半导体器件,1.8,5.0,{},83000,税务局,2025-07-04,2025-12-31
773,4,6689,原材料（HS代码：6689）,17.1,8.4,{},477,马来西亚皇家关税局,2024-09-24,2025-12-31
774,10,5529,机械设备（HS代码：5529）,11.6,0.0,{},331,文莱皇家关税局,2025-08-24,2026-01-10
775,10,8939,电子设备（HS代码：8939）,11.9,0.0,{},427,税务局,2025-08-06,2026-01-10
776,8,8939,电子设备（HS代码：8939）,10.0,9.2,{},868000,老挝海关总署,2024-10-07,2025-04-05
777,8,7339,半成品（HS代码：7339）,29.5,8.4,{},910000,老挝海关总署,2025-03-06,2026-01-10
778,2,1078,电子设备（HS代码：1078）,32.5,9.7,{},1283,商业部,2024-10-09,2025-12-31
779,3,4865,消费品（HS代码：4865）,1.5,8.5,{},858000,税务总局 (ASEAN FTA),2025-01-20,2026-01-10
780,1,8978,电子设备（HS代码：8978）,12.0,5.7,{},0,印尼海关总署,2025-11-18,2026-01-10
781,2,3984,消费品（HS代码：3984）,42.3,7.3,{},1329,泰国税务局,2024-12-21,2025-06-19
782,1,4468,纺织品（HS代码：4468）,15.7,7.4,{},0,印尼税务总局 (ASEAN FTA),2025-05-20,2025-11-16
783,7,7316,设备及零件（HS代码：7316）,26.4,10.0,{},57.97,柬埔寨海关总署,2025-04-26,2025-10-23
784,10,4542,半成品（HS代码：4542）,24.5,0.0,{},378,文莱皇家关税局,2025-03-23,2026-01-10
785,3,5395,消费品（HS代码：5395）,2.2,9.5,{},980000,税务总局,2025-02-11,2026-01-10
786,2,4653,工业用品（HS代码：4653）,72.3,8.0,{},1409,商业部,2024-02-10,2024-08-08
787,2,3304,美容品或化妆品及护肤品,5.8,9.4,{},1217,泰国税务局 (ASEAN FTA),2025-07-03,2025-12-30
788,5,8487,消费品（HS代码：8487）,0.3,7.8,{},341,国内税务局,2025-01-01,2026-01-01
789,10,8415,空气调节器,4.4,0.0,{},341,税务局,2024-09-14,2026-01-10
790,9,3304,美容品或化妆品及护肤品,35.9,5.0,{},96000,税务局,2024-08-01,2026-01-10
791,3,6403,橡、塑、皮革或再生革制外底，皮革制鞋面的鞋靴,16.4,9.9,{},904000,越南海关总署,2025-11-12,2026-01-10
792,6,7214,制成品（HS代码：7214）,31.9,12.0,{},8924,菲律宾海关局,2025-12-14,2026-01-10
793,10,8471,自动数据处理设备及其部件,5.6,0.0,{},380,税务局,2024-03-13,2024-09-09
794,3,8517,电话机，包括蜂窝网络电话,40.4,9.8,{},1195000,越南海关总署,2025-11-01,2026-01-10
795,4,6051,制成品（HS代码：6051）,0.8,6.7,{},468,马来西亚皇家关税局 (ASEAN FTA),2024-01-12,2025-01-11
796,3,6206,工业用品（HS代码：6206）,49.5,8.2,"{""special_consumption_tax"": 12.4}",1175000,税务总局,2025-01-07,2026-01-10
797,2,2152,电子设备（HS代码：2152）,74.6,9.2,{},1476,商业部,2025-10-24,2026-01-10
798,10,8541,二极管、晶体管及类似半导体器件,16.9,0.0,{},362,税务局,2025-04-04,2026-01-10
799,2,6639,化学产品（HS代码：6639）,32.9,7.9,{},1757,泰国税务局,2024-06-21,2026-01-10
800,1,9001,光学纤维、光学纤维束及光缆,32.7,6.5,{},0,印尼海关总署,2025-04-10,2025-10-07
801,4,8302,电子设备（HS代码：8302）,16.4,8.6,{},490,内陆税收局,2025-11-04,2026-01-10
802,5,4494,工业用品（HS代码：4494）,7.1,8.0,{},377,新加坡关税局,2024-07-08,2026-01-10
803,9,8487,消费品（HS代码：8487）,17.8,5.0,{},81000,税务局,2024-02-28,2024-12-31
804,1,0574,制成品（HS代码：0574）,23.3,9.5,{},0,贸易部,2024-06-20,2025-06-20
805,1,6290,原材料（HS代码：6290）,2.2,5.3,{},0,印尼海关总署 (ASEAN FTA),2025-07-06,2026-01-02
806,2,6127,消费品（HS代码：6127）,9.7,8.1,{},1491,商业部,2025-10-26,2026-01-10
807,4,4341,机械设备（HS代码：4341）,9.5,8.6,{},482,内陆税收局,2025-04-13,2026-01-10
808,3,1078,电子设备（HS代码：1078）,28.7,8.9,{},923000,越南海关总署,2024-12-25,2026-01-10
809,3,8308,半成品（HS代码：8308）,49.2,8.1,"{""special_consumption_tax"": 15.0}",1090000,工贸部,2025-06-16,2026-01-10
810,1,1019,消费品（HS代码：1019）,34.3,5.3,{},0,印尼税务总局,2024-09-23,2025-12-31
811,10,6051,制成品（HS代码：6051）,14.8,0.0,{},404,税务局,2025-04-20,2025-10-17
812,5,1019,消费品（HS代码：1019）,9.9,7.0,{},377,国内税务局,2025-03-03,2026-01-10
813,8,9468,设备及零件（HS代码：9468）,27.7,8.9,{},872000,税务局,2025-02-27,2025-12-31
814,8,6206,工业用品（HS代码：6206）,28.5,7.7,{},1035000,老挝海关总署,2025-11-26,2026-01-10
815,9,8703,主要用于载人的机动车辆,36.9,5.0,{},86000,缅甸海关总署,2024-02-22,2025-12-31
816,2,9504,视频游戏控制器及设备,15.5,7.4,{},1217,泰国税务局,2024-05-05,2024-11-01
817,7,3304,美容品或化妆品及护肤品,16.8,10.0,{},57.46,税务总局,2024-01-27,2025-01-26
818,5,0221,原材料（HS代码：0221）,12.7,7.1,{},433,新加坡关税局,2025-05-07,2026-01-10
819,5,2758,纺织品（HS代码：2758）,6.0,7.6,{},339,新加坡关税局,2025-03-05,2026-01-10
820,9,9468,设备及零件（HS代码：9468）,32.7,5.0,{},111000,缅甸海关总署,2024-12-19,2026-01-10
821,1,8703,主要用于载人的机动车辆,12.8,10.1,"{""luxury_tax"": 25.7}",0,贸易部,2024-09-02,2025-03-01
822,5,7985,半成品（HS代码：7985）,7.0,7.1,{},406,新加坡关税局,2025-09-20,2026-01-10
823,10,3010,化学产品（HS代码：3010）,29.6,0.0,{},385,文莱皇家关税局,2024-09-14,2025-03-13
824,5,9001,光学纤维、光学纤维束及光缆,19.7,8.3,{},322,新加坡关税局,2025-02-10,2026-01-10
825,2,4653,工业用品（HS代码：4653）,45.0,8.0,{},1593,泰国税务局,2024-12-07,2026-01-10
826,9,2955,消费品（HS代码：2955）,17.0,5.0,{},107000,缅甸海关总署,2024-07-08,2025-12-31
827,10,3010,化学产品（HS代码：3010）,6.0,0.0,{},348,文莱皇家关税局,2024-08-10,2026-01-10
828,9,2152,电子设备（HS代码：2152）,27.9,5.0,{},110000,缅甸海关总署,2025-12-06,2026-01-10
829,3,9820,设备及零件（HS代码：9820）,47.1,9.8,{},1028000,税务总局,2024-12-03,2026-01-10
830,9,8541,二极管、晶体管及类似半导体器件,33.3,5.0,{},117000,税务局,2025-10-16,2026-01-10
831,7,0221,原材料（HS代码：0221）,4.8,10.0,{},44.97,税务总局,2025-01-14,2026-01-10
832,8,6109,棉制T恤衫、背心及其他内衣,37.9,7.6,{},849000,税务局,2025-11-03,2026-01-10
833,8,4694,消费品（HS代码：4694）,23.5,9.2,{},1053000,税务局,2025-05-06,2026-01-10
834,8,7662,纺织品（HS代码：7662）,19.3,9.6,{},874000,税务局,2024-06-03,2025-12-31
835,2,0227,消费品（HS代码：0227）,37.7,9.4,{},1288,商业部,2024-04-23,2025-04-23
836,6,5688,化学产品（HS代码：5688）,20.4,12.0,{},10559,国税局,2024-07-02,2024-12-29
837,4,3168,机械设备（HS代码：3168）,6.5,7.3,{},586,内陆税收局,2024-10-25,2025-04-23
838,6,5395,消费品（HS代码：5395）,10.8,12.0,{},9197,菲律宾海关局 (ASEAN FTA),2024-12-12,2025-12-31
839,6,1175,设备及零件（HS代码：1175）,8.3,12.0,{},9503,国税局,2024-06-25,2024-12-22
840,6,7339,半成品（HS代码：7339）,4.2,12.0,{},11855,国税局,2024-01-17,2024-12-31
841,1,1762,设备及零件（HS代码：1762）,2.6,6.8,{},0,贸易部,2025-11-14,2026-01-10
842,1,8517,电话机，包括蜂窝网络电话,17.8,8.8,"{""luxury_tax"": 21.1}",0,印尼税务总局,2025-12-12,2026-01-10
843,1,3004,由混合或非混合产品构成的治病或防病用药品,6.9,10.1,{},0,印尼海关总署,2025-11-07,2026-01-10
844,4,0205,消费品（HS代码：0205）,11.1,6.3,{},409,内陆税收局,2025-02-01,2026-01-10
845,8,9468,设备及零件（HS代码：9468）,1.0,9.8,{},820000,税务局,2024-03-22,2025-12-31
846,5,9504,视频游戏控制器及设备,6.2,8.9,{},472,新加坡关税局,2024-06-15,2026-01-10
847,9,5529,机械设备（HS代码：5529）,6.9,5.0,{},96000,税务局,2025-10-25,2026-01-10
848,6,5395,消费品（HS代码：5395）,31.6,12.0,{},11577,国税局,2025-02-16,2026-01-10
849,1,6109,棉制T恤衫、背心及其他内衣,6.9,7.2,{},0,印尼海关总署,2024-08-22,2025-02-18
850,4,6206,工业用品（HS代码：6206）,2.9,8.0,{},452,内陆税收局,2025-09-16,2026-01-10
851,5,9005,设备及零件（HS代码：9005）,15.0,8.2,{},346,国内税务局,2024-02-13,2024-08-11
852,4,6109,棉制T恤衫、背心及其他内衣,11.0,6.6,{},451,马来西亚皇家关税局,2025-04-17,2026-01-10
853,10,6403,橡、塑、皮革或再生革制外底，皮革制鞋面的鞋靴,16.9,0.0,{},340,税务局,2025-02-12,2026-01-10
854,2,7662,纺织品（HS代码：7662）,58.7,9.6,{},1755,商业部,2024-06-27,2025-06-27
855,6,3004,由混合或非混合产品构成的治病或防病用药品,11.9,12.0,{},9632,菲律宾海关局,2024-04-22,2026-01-10
856,4,0205,消费品（HS代码：0205）,26.7,7.2,{},487,内陆税收局,2024-02-09,2026-01-10
857,1,7379,纺织品（HS代码：7379）,15.6,6.1,{},0,印尼税务总局,2024-09-06,2026-01-10
858,10,3918,设备及零件（HS代码：3918）,11.1,0.0,{},375,税务局,2024-10-16,2025-10-16
859,2,8517,电话机，包括蜂窝网络电话,11.6,7.5,{},1574,商业部,2024-04-04,2026-01-10
860,3,8939,电子设备（HS代码：8939）,11.0,8.5,{},882000,税务总局 (ASEAN FTA),2024-02-04,2026-01-10
861,6,1081,电子设备（HS代码：1081）,1.7,12.0,{},8741,国税局 (ASEAN FTA),2024-01-16,2026-01-10
862,4,8329,制成品（HS代码：8329）,7.0,9.0,{},470,内陆税收局,2024-04-16,2025-04-16
863,1,7353,半成品（HS代码：7353）,21.8,7.4,{},0,印尼海关总署,2025-05-08,2026-01-10
864,1,4494,工业用品（HS代码：4494）,0.4,5.5,{},0,印尼海关总署 (ASEAN FTA),2025-05-02,2026-01-10
865,6,8302,电子设备（HS代码：8302）,27.1,12.0,{},10177,菲律宾海关局,2024-04-23,2024-10-20
866,1,3918,设备及零件（HS代码：3918）,23.3,6.1,{},0,印尼海关总署,2025-01-05,2026-01-05
867,1,6109,棉制T恤衫、背心及其他内衣,7.2,10.0,{},0,贸易部,2025-10-28,2026-01-10
868,5,0227,消费品（HS代码：0227）,2.0,7.8,{},466,国内税务局,2024-02-07,2025-02-06
869,10,5673,设备及零件（HS代码：5673）,22.6,0.0,{},477,文莱皇家关税局,2025-10-05,2026-01-10
870,1,3119,机械设备（HS代码：3119）,18.5,9.9,{},0,印尼海关总署,2025-05-08,2025-11-04
871,2,7339,半成品（HS代码：7339）,9.3,7.7,{},1665,泰国海关厅,2024-05-11,2026-01-10
872,1,1078,电子设备（HS代码：1078）,18.7,8.1,{},0,印尼税务总局,2025-04-03,2025-09-30
873,8,7353,半成品（HS代码：7353）,18.8,9.6,{},992000,老挝海关总署,2024-01-14,2024-12-31
874,10,8659,消费品（HS代码：8659）,1.5,0.0,{},338,文莱皇家关税局,2024-08-14,2025-12-31
875,1,6204,女式西服套装、上衣、连衣裙等,17.2,9.8,{},0,印尼税务总局,2025-01-06,2026-01-10
876,5,3714,电子设备（HS代码：3714）,1.8,7.1,{},367,新加坡关税局 (ASEAN FTA),2024-10-18,2025-10-18
877,9,3304,美容品或化妆品及护肤品,26.4,5.0,{},98000,税务局,2024-04-12,2025-04-12
878,6,1019,消费品（HS代码：1019）,1.0,12.0,{},9060,国税局,2025-05-22,2026-01-10
879,6,4542,半成品（HS代码：4542）,33.3,12.0,{},11243,菲律宾海关局,2024-06-24,2026-01-10
880,4,4202,皮革或再生皮革制衣箱、手提包等,15.7,6.5,{},430,马来西亚皇家关税局,2024-06-28,2024-12-25
881,1,9603,帚、刷、拖把,13.9,6.6,{},0,贸易部,2025-09-25,2026-01-10
882,5,0227,消费品（HS代码：0227）,4.1,7.2,{},422,国内税务局 (ASEAN FTA),2024-11-12,2025-05-11
883,1,4694,消费品（HS代码：4694）,32.1,5.1,{},0,印尼税务总局,2025-09-21,2026-01-10
884,1,8117,半成品（HS代码：8117）,30.7,10.8,{},0,贸易部,2025-06-28,2026-01-10
885,8,6204,女式西服套装、上衣、连衣裙等,10.6,7.9,{},895000,税务局,2025-09-12,2026-01-10
886,4,1078,电子设备（HS代码：1078）,9.6,8.2,{},424,内陆税收局,2024-08-15,2025-08-15
887,2,0227,消费品（HS代码：0227）,12.2,7.0,{},1359,泰国税务局,2024-03-28,2024-12-31
888,3,7676,消费品（HS代码：7676）,4.1,9.5,{},807000,税务总局,2024-03-07,2025-03-07
889,5,5395,消费品（HS代码：5395）,13.0,8.3,{},339,新加坡关税局,2024-01-24,2026-01-10
890,2,4410,半成品（HS代码：4410）,31.4,9.7,{},1482,泰国税务局,2024-06-06,2026-01-10
891,6,7856,化学产品（HS代码：7856）,16.9,12.0,{},10113,国税局,2024-01-06,2026-01-05
892,6,6109,棉制T恤衫、背心及其他内衣,28.4,12.0,{},8771,国税局,2025-04-03,2025-09-30
893,5,4468,纺织品（HS代码：4468）,1.4,7.7,{},330,新加坡关税局,2024-07-16,2025-12-31
894,9,4219,设备及零件（HS代码：4219）,27.4,5.0,{},90000,税务局,2025-01-04,2026-01-10
895,3,8978,电子设备（HS代码：8978）,24.9,9.7,{},810000,工贸部,2024-02-13,2024-12-31
896,8,6204,女式西服套装、上衣、连衣裙等,21.5,7.8,{},1132000,老挝海关总署,2024-08-14,2025-12-31
897,3,0955,电子设备（HS代码：0955）,46.7,8.6,{},1021000,工贸部,2025-05-01,2025-12-31
898,5,8939,电子设备（HS代码：8939）,2.6,8.0,{},382,新加坡关税局,2024-11-20,2025-11-20
899,9,2749,化学产品（HS代码：2749）,7.6,5.0,{},90000,税务局,2024-09-03,2025-12-31
900,7,4906,纺织品（HS代码：4906）,20.2,10.0,{},49.12,税务总局,2024-04-25,2026-01-10
901,1,8939,电子设备（HS代码：8939）,28.6,7.3,{},0,贸易部,2024-03-25,2026-01-10
902,7,3004,由混合或非混合产品构成的治病或防病用药品,4.8,10.0,{},55.35,税务总局,2024-10-06,2026-01-10
903,8,6609,消费品（HS代码：6609）,5.5,7.9,{},1011000,税务局,2025-01-28,2025-07-27
904,7,2749,化学产品（HS代码：2749）,12.4,10.0,{},58.86,柬埔寨海关总署,2025-09-27,2026-01-10
905,3,6403,橡、塑、皮革或再生革制外底，皮革制鞋面的鞋靴,10.0,9.3,{},1086000,税务总局,2024-04-09,2024-10-06
906,9,8308,半成品（HS代码：8308）,3.5,5.0,{},90000,税务局,2025-04-21,2026-01-10
907,9,8471,自动数据处理设备及其部件,39.5,5.0,{},86000,税务局,2025-04-13,2025-10-10
908,2,2005,设备及零件（HS代码：2005）,75.2,7.3,{},1525,商业部,2024-10-27,2025-10-27
909,3,5688,化学产品（HS代码：5688）,0.6,9.9,"{""special_consumption_tax"": 11.1}",1039000,工贸部,2025-06-24,2026-01-10
910,8,9468,设备及零件（HS代码：9468）,8.3,9.4,{},1196000,税务局,2025-12-14,2026-01-10
911,10,3119,机械设备（HS代码：3119）,1.7,0.0,{},365,税务局,2025-01-20,2026-01-10
912,1,1098,设备及零件（HS代码：1098）,3.9,5.7,{},0,贸易部 (ASEAN FTA),2024-09-24,2025-03-23
913,2,6632,化学产品（HS代码：6632）,50.3,7.9,{},1644,泰国税务局,2025-07-01,2026-01-10
914,3,7353,半成品（HS代码：7353）,35.5,9.0,{},1164000,工贸部,2024-11-15,2025-11-15
915,2,3926,其他塑料制品及塑料材料制品,13.8,7.5,{},1217,商业部 (ASEAN FTA),2024-02-23,2025-02-22
916,2,2758,纺织品（HS代码：2758）,2.9,7.3,{},1748,泰国海关厅 (ASEAN FTA),2024-02-17,2025-12-31
917,6,6689,原材料（HS代码：6689）,1.1,12.0,{},10022,菲律宾海关局 (ASEAN FTA),2025-04-04,2026-01-10
918,5,9150,设备及零件（HS代码：9150）,17.4,8.3,{},449,新加坡关税局,2024-02-03,2025-02-02
919,4,2955,消费品（HS代码：2955）,1.3,8.5,{},594,马来西亚皇家关税局 (ASEAN FTA),2025-09-16,2026-01-10
920,1,3918,设备及零件（HS代码：3918）,35.1,9.7,{},0,贸易部,2025-11-03,2026-01-10
921,1,3714,电子设备（HS代码：3714）,3.6,7.4,{},0,贸易部,2024-09-22,2025-09-22
922,10,7353,半成品（HS代码：7353）,6.9,0.0,{},451,税务局,2025-11-14,2026-01-10
923,3,4011,新的充气橡胶轮胎,21.2,8.2,{},1094000,工贸部,2025-04-08,2025-12-31
924,5,6186,原材料（HS代码：6186）,14.4,8.0,{},335,新加坡关税局,2024-11-21,2025-11-21
925,9,4542,半成品（HS代码：4542）,34.9,5.0,{},97000,税务局,2024-03-19,2025-03-19
926,4,6186,原材料（HS代码：6186）,17.4,9.6,{},531,内陆税收局,2024-12-12,2026-01-10
927,8,6290,原材料（HS代码：6290）,18.2,9.6,{},968000,老挝海关总署,2024-02-18,2026-01-10
928,4,0574,制成品（HS代码：0574）,22.2,8.5,{},591,马来西亚皇家关税局,2024-05-18,2026-01-10
929,6,8531,纺织品（HS代码：8531）,24.4,12.0,{},8725,菲律宾海关局,2025-03-16,2026-01-10
930,7,6498,设备及零件（HS代码：6498）,25.1,10.0,{},43.05,柬埔寨海关总署,2025-05-14,2026-01-10
931,7,7316,设备及零件（HS代码：7316）,34.0,10.0,{},59.31,税务总局,2024-11-27,2025-12-31
932,9,8415,空气调节器,9.5,5.0,{},90000,税务局,2025-10-05,2026-01-10
933,4,4653,工业用品（HS代码：4653）,13.0,8.2,{},539,内陆税收局,2025-04-16,2026-01-10
934,2,3454,制成品（HS代码：3454）,53.5,9.4,{},1356,泰国税务局,2025-02-13,2026-01-10
935,4,7379,纺织品（HS代码：7379）,23.2,8.6,{},541,内陆税收局,2025-12-19,2026-01-10
936,4,4341,机械设备（HS代码：4341）,11.4,9.0,{},555,马来西亚皇家关税局,2024-12-12,2026-01-10
937,2,1319,机械设备（HS代码：1319）,26.2,9.5,{},1705,商业部,2024-10-11,2026-01-10
938,7,1019,消费品（HS代码：1019）,2.7,10.0,{},40.53,柬埔寨海关总署,2025-10-17,2026-01-10
939,10,8978,电子设备（HS代码：8978）,16.6,0.0,{},438,文莱皇家关税局,2025-06-22,2026-01-10
940,9,6632,化学产品（HS代码：6632）,7.3,5.0,{},115000,缅甸海关总署,2024-09-08,2026-01-10
941,7,2955,消费品（HS代码：2955）,32.9,10.0,{},45.87,税务总局,2024-11-26,2026-01-10
942,6,8329,制成品（HS代码：8329）,33.7,12.0,{},11769,菲律宾海关局,2025-09-13,2026-01-10
943,8,6689,原材料（HS代码：6689）,17.4,9.9,{},1040000,税务局,2024-05-10,2026-01-10
944,3,9503,三轮车、踏板车及类似的带轮玩具,2.8,8.2,{},1157000,税务总局 (ASEAN FTA),2024-05-04,2026-01-10
945,6,6204,女式西服套装、上衣、连衣裙等,16.5,12.0,{},10783,国税局,2024-08-10,2026-01-10
946,3,9401,坐具（包括能作床用的两用椅）,10.2,8.1,{},801000,工贸部,2024-06-26,2026-01-10
947,1,9392,半成品（HS代码：9392）,17.1,7.9,{},0,印尼税务总局,2024-11-15,2025-05-14
948,1,4468,纺织品（HS代码：4468）,11.3,6.1,{},0,贸易部,2025-03-02,2026-01-10
949,7,2005,设备及零件（HS代码：2005）,6.4,10.0,{},53.47,柬埔寨海关总署,2024-05-09,2026-01-10
950,2,4011,新的充气橡胶轮胎,41.2,8.9,{},1626,泰国海关厅,2025-06-18,2025-12-31
951,1,6498,设备及零件（HS代码：6498）,37.5,10.1,{},0,印尼税务总局,2025-02-02,2025-12-31
952,4,5673,设备及零件（HS代码：5673）,28.8,6.9,{},402,马来西亚皇家关税局,2024-05-02,2026-01-10
953,6,9150,设备及零件（HS代码：9150）,0.2,12.0,{},8758,国税局,2025-02-02,2026-01-10
954,7,8329,制成品（HS代码：8329）,23.7,10.0,{},54.67,柬埔寨海关总署,2025-01-18,2026-01-10
955,2,9504,视频游戏控制器及设备,3.9,9.5,{},1227,泰国海关厅,2025-03-27,2026-01-10
956,2,8329,制成品（HS代码：8329）,30.6,8.3,{},1207,商业部,2024-07-05,2025-12-31
957,9,8471,自动数据处理设备及其部件,31.5,5.0,{},89000,缅甸海关总署,2025-07-28,2026-01-10
958,10,3004,由混合或非混合产品构成的治病或防病用药品,6.0,0.0,{},454,税务局,2025-01-24,2026-01-10
959,4,0955,电子设备（HS代码：0955）,22.5,7.1,{},517,内陆税收局,2024-08-11,2025-08-11
960,3,2152,电子设备（HS代码：2152）,9.2,9.3,{},1008000,工贸部,2024-11-09,2025-05-08
961,2,5529,机械设备（HS代码：5529）,19.6,9.4,{},1647,商业部,2024-02-09,2024-12-31
962,2,8329,制成品（HS代码：8329）,54.4,10.0,{},1709,商业部,2025-06-27,2026-01-10
963,8,1175,设备及零件（HS代码：1175）,10.3,9.1,{},1174000,老挝海关总署,2024-10-03,2025-12-31
964,7,3004,由混合或非混合产品构成的治病或防病用药品,6.9,10.0,{},55.42,税务总局,2024-06-16,2025-06-16
965,9,5673,设备及零件（HS代码：5673）,6.7,5.0,{},107000,税务局,2025-12-26,2026-01-10
966,10,8026,原材料（HS代码：8026）,13.8,0.0,{},361,税务局,2024-12-28,2025-12-28
967,10,5109,工业用品（HS代码：5109）,25.9,0.0,{},450,文莱皇家关税局,2025-08-27,2026-01-10
968,8,0574,制成品（HS代码：0574）,17.0,9.4,{},1008000,老挝海关总署,2024-09-24,2026-01-10
969,8,1319,机械设备（HS代码：1319）,4.9,8.1,{},1059000,老挝海关总署,2025-11-14,2026-01-10
970,1,6051,制成品（HS代码：6051）,19.1,7.2,{},0,印尼海关总署,2025-01-27,2025-07-26
971,2,2878,机械设备（HS代码：2878）,6.0,7.9,{},1252,泰国海关厅,2024-06-26,2026-01-10
972,6,9516,机械设备（HS代码：9516）,16.7,12.0,{},8730,菲律宾海关局,2024-01-15,2024-12-31
973,10,7389,机械设备（HS代码：7389）,10.3,0.0,{},431,税务局,2025-04-16,2025-10-13
974,6,8471,自动数据处理设备及其部件,17.8,12.0,{},11323,国税局,2024-09-20,2025-09-20
975,5,3304,美容品或化妆品及护肤品,2.3,7.7,{},333,新加坡关税局,2025-06-10,2026-01-10
976,4,8517,电话机，包括蜂窝网络电话,14.0,9.1,{},554,马来西亚皇家关税局,2024-01-10,2025-12-31
977,8,6127,消费品（HS代码：6127）,23.5,8.3,{},811000,老挝海关总署,2024-03-12,2026-01-10
978,4,4410,半成品（HS代码：4410）,18.6,6.3,{},529,马来西亚皇家关税局,2024-07-11,2025-12-31
979,2,6127,消费品（HS代码：6127）,62.2,7.3,{},1396,泰国海关厅,2025-06-05,2026-01-10
980,6,8517,电话机，包括蜂窝网络电话,15.3,12.0,{},10035,国税局,2024-10-26,2026-01-10
981,1,8308,半成品（HS代码：8308）,25.3,8.9,{},0,贸易部,2024-10-05,2026-01-10
982,7,8528,监视器及投影机,9.3,10.0,{},48.59,柬埔寨海关总署,2025-06-07,2026-01-10
983,7,1078,电子设备（HS代码：1078）,10.8,10.0,{},57.99,税务总局,2024-06-13,2025-06-13
984,8,9392,半成品（HS代码：9392）,13.7,9.7,{},808000,税务局,2024-03-11,2025-03-11
985,2,5529,机械设备（HS代码：5529）,37.4,8.5,{},1436,商业部,2024-10-27,2025-10-27
986,7,5109,工业用品（HS代码：5109）,33.7,10.0,{},57.87,税务总局,2025-08-12,2026-01-10
987,8,3714,电子设备（HS代码：3714）,16.0,9.5,{},815000,税务局,2025-04-14,2025-10-11
988,2,8302,电子设备（HS代码：8302）,60.6,9.0,{},1281,泰国税务局,2024-09-14,2026-01-10
989,4,8471,自动数据处理设备及其部件,14.7,6.7,{},450,内陆税收局,2025-07-07,2026-01-10
990,9,3168,机械设备（HS代码：3168）,15.1,5.0,{},116000,税务局,2025-07-23,2026-01-10
991,2,0351,化学产品（HS代码：0351）,30.3,9.3,{},1588,泰国海关厅,2025-12-02,2026-01-10
992,2,6609,消费品（HS代码：6609）,22.1,8.3,{},1429,泰国税务局,2024-09-25,2025-03-24
993,1,3010,化学产品（HS代码：3010）,17.7,6.6,{},0,贸易部,2025-09-01,2026-01-10
994,6,4494,工业用品（HS代码：4494）,27.5,12.0,{},10740,国税局,2025-01-13,2026-01-10
995,4,6080,纺织品（HS代码：6080）,26.1,8.0,{},577,马来西亚皇家关税局,2024-08-13,2025-02-09
996,7,0955,电子设备（HS代码：0955）,24.4,10.0,{},50.32,税务总局,2024-02-22,2026-01-10
997,1,6271,设备及零件（HS代码：6271）,7.5,10.9,{},0,印尼海关总署,2024-06-18,2025-12-31
998,1,7662,纺织品（HS代码：7662）,7.3,10.9,{},0,印尼海关总署,2025-05-07,2026-01-10
999,9,6127,消费品（HS代码：6127）,23.4,5.0,{},96000,税务局,2024-10-22,2025-10-22
1000,7,2040,消费品（HS代码：2040）,28.4,10.0,{},49.9,柬埔寨海关总署,2024-06-06,2026-01-10
